Name,Origin_Season,Origin_League,team,Pre_PL_G_A,Pre_PL_npxG,Pre_PL_xA,PL_Team,PL_Raw_GA,PL_Team_Avg_GA,Target_Relative_GA,Season_Control
Aaron Hickey,2021,ITA-Serie A,Bologna,0.0,0.0045732924272123806,0.005498906213294119,Brentford,0.045965270684371805,0.3086011732628274,-0.2626359025784556,2020
Aaron Ramsey,2223,FRA-Ligue 1,Nice,0.11385199240986718,0.17796564893178515,0.11854156570781227,Burnley,0.0,0.18817715263257934,-0.18817715263257934,2022
Abdoulaye Doucouré,1516,FRA-Ligue 1,Rennes,0.38338658146964855,0.1979144271939231,0.14449210498279658,Watford,0.06671608598962195,0.18351577591757887,-0.11679968992795692,2015
Abdul Rahman Baba,1415,GER-Bundesliga,Augsburg,0.13493253373313344,0.009910743742918726,0.11148363313424042,Chelsea,0.08840864440078584,0.2633222656892074,-0.17491362128842158,2014
Adam Masina,1718,ITA-Serie A,Bologna,0.03160112359550562,0.06474099576857799,0.05598947983313603,Watford,0.08964143426294821,0.2379903040987219,-0.1483488698357737,2017
Adama Diakhaby,1718,FRA-Ligue 1,Monaco,0.5294117647058824,0.2056390386732186,0.0956898746683317,Huddersfield,0.0,0.08613050721298693,-0.08613050721298693,2017
Adama Traoré,1415,FRA-Ligue 1,Lille,0.1749271137026239,0.07558956725995325,0.0709106849707424,Aston Villa,0.5389221556886228,0.13166602807481975,0.40725612761380303,2014
Adama Traoré,1920,FRA-Ligue 1,Metz,0.43186180422264875,0.11762172350170173,0.19663885797082578,Wolverhampton Wanderers,0.13688212927756654,0.16829491680659442,-0.031412787529027875,2019
Ademola Lookman,1718,GER-Bundesliga,RasenBallsport Leipzig,1.2435233160621761,0.44733912756405964,0.4369497328147369,Everton,0.31304347826086953,0.2525341096418926,0.06050936861897693,2017
Adrián,1415,ESP-La Liga,Elche,0.047021943573667714,0.1031936878677119,0.03885527550123142,West Ham,0.0,0.28154914596759056,-0.28154914596759056,2014
Adrián,1516,ESP-La Liga,Villarreal,0.9171974522292995,0.3556728930610001,0.18614165646255398,West Ham,0.0,0.22743920304717255,-0.22743920304717255,2015
Adrián,1617,ESP-La Liga,Villarreal,0.39823008849557523,0.29658394000303434,0.07432084497624794,West Ham,0.0,0.2332516774949409,-0.2332516774949409,2016
Adrián,1718,ESP-La Liga,Malaga,0.11543394613082515,0.1207295636431039,0.04654199700418728,Liverpool,0.0,0.41220506017246283,-0.41220506017246283,2017
Adrián,1920,ESP-La Liga,Osasuna,0.12203389830508474,0.14210849258480435,0.15104952035313948,Liverpool,0.0,0.2962865420068475,-0.2962865420068475,2019
Alberto Paloschi,1415,ITA-Serie A,Chievo,0.408781226343679,0.31211478025832246,0.07331328378407952,Swansea,0.26666666666666666,0.19064190339297196,0.0760247632736947,2014
Aleksandar Dragovic,1617,GER-Bundesliga,Bayer Leverkusen,0.07171314741035857,0.026974061333325753,0.034552706086421865,Leicester,0.0,0.2708592777085928,-0.2708592777085928,2016
Alessandro Diamanti,1415,ITA-Serie A,Fiorentina,0.2643171806167401,0.31917243145635993,0.07279148431995366,Watford,0.0,0.15888300433317284,-0.15888300433317284,2014
Alex Telles,1516,ITA-Serie A,Inter,0.056962025316455694,0.019557032763627885,0.12214781954601595,Manchester United,0.25862068965517243,0.37366951007775345,-0.11504882042258102,2015
Alexander Isak,2021,ESP-La Liga,Real Sociedad,0.6781079949769778,0.5923804424331995,0.0693747529806004,Newcastle United,0.6470588235294118,0.3000851305334847,0.3469736929959271,2020
Alexandre Lacazette,1617,FRA-Ligue 1,Lyon,1.1548013245033113,0.4974197141289563,0.24803273119217414,Arsenal,0.7248322147651007,0.38859686762497314,0.3362353471401276,2016
Alfred N'Diaye,1516,ESP-La Liga,Real Betis,0.059800664451827246,0.07361272255274347,0.009793151343284652,Hull,0.06998444790046655,0.15676407973679116,-0.0867796318363246,2015
Alisson,1718,ITA-Serie A,Roma,0.0,0.0,0.00017244351171963784,Liverpool,0.0,0.40823791930350806,-0.40823791930350806,2017
Allan,1920,ITA-Serie A,Napoli,0.2097902097902098,0.03997895834068735,0.07326063758635021,Everton,0.0,0.20810118119010476,-0.20810118119010476,2019
Allan Saint-Maximin,1819,FRA-Ligue 1,Nice,0.2766393442622951,0.1823233118563219,0.2042275587226585,Newcastle United,0.3322784810126582,0.18125747372395998,0.15102100728869824,2018
Andrea Ranocchia,1516,ITA-Serie A,Inter,0.0,0.05560240809311661,0.012613640251233176,Hull,0.2706766917293233,0.15676407973679116,0.11391261199253214,2015
Andreas Christensen,1617,GER-Bundesliga,Borussia M.Gladbach,0.06467840459935321,0.05289238363911341,0.014527461327882796,Chelsea,0.0,0.2718401486988848,-0.2718401486988848,2016
Andreas Pereira,1718,ESP-La Liga,Valencia,0.33519553072625696,0.08012027125909675,0.1634639730500109,Manchester United,0.30354131534569984,0.3027831583239882,0.000758157021711614,2017
Andreas Pereira,2021,ITA-Serie A,Lazio,0.5443548387096774,0.13923797827784815,0.2390841800426584,Fulham,0.325497287522604,0.2651004329618851,0.06039685456071886,2020
Andriy Yarmolenko,1718,GER-Bundesliga,Borussia Dortmund,0.4314477468839885,0.4351871548183012,0.27586659196896385,West Ham,0.39647577092511016,0.2535646796083147,0.14291109131679547,2017
André Ayew,1415,FRA-Ligue 1,Marseille,0.45112781954887216,0.3606001557992365,0.12012294619659282,Swansea,0.4246713852376137,0.19064190339297196,0.23402948184464176,2014
André Gomes,1718,ESP-La Liga,Barcelona,0.0,0.10729591654879707,0.02329831517168453,Everton,0.08995502248875561,0.2525341096418926,-0.162579087153137,2017
André Gomes,2223,FRA-Ligue 1,Lille,0.27658266748617083,0.057620491383719746,0.05537707711207624,Everton,0.18907563025210083,0.18791897139089345,0.001156658861207388,2022
André Onana,2223,ITA-Serie A,Inter,0.0,0.0,0.0040817488916218255,Manchester United,0.0,0.2547634991173069,-0.2547634991173069,2022
André Schürrle,1718,GER-Bundesliga,Borussia Dortmund,0.3643724696356275,0.20776132880314163,0.2545364505426604,Fulham,0.32335329341317365,0.1501273009276872,0.17322599248548645,2017
Angelo Ogbonna,1415,ITA-Serie A,Juventus,0.0,0.04785257262695641,0.006065510908137468,West Ham,0.0,0.28154914596759056,-0.28154914596759056,2014
Anssumane Fati,2223,ESP-La Liga,Barcelona,0.6706408345752608,0.7058608803020904,0.11366825643788063,Brighton,0.39473684210526316,0.23581288343558282,0.15892395866968034,2022
Anthony Martial,1415,FRA-Ligue 1,Monaco,0.593732820230896,0.46135517705586204,0.11852374635206728,Manchester United,0.5129179331306991,0.23960612691466082,0.2733118062160383,2014
Antonio Barragán,1516,ESP-La Liga,Valencia,0.0,0.0,0.018561657155905305,Middlesbrough,0.0,0.1446080263059562,-0.1446080263059562,2015
Antonio Barreca,1718,ITA-Serie A,Torino,0.0,0.003589546006969998,0.011132784130856974,Newcastle United,0.0,0.21649586450060962,-0.21649586450060962,2017
Antonio Rüdiger,1617,ITA-Serie A,Roma,0.08155867693701858,0.029552497727586287,0.03769245249774995,Chelsea,0.11553273427471118,0.2718401486988848,-0.15630741442417362,2016
Anwar El Ghazi,1718,FRA-Ligue 1,Lille,0.43902439024390244,0.23492088737306982,0.1689453250331032,Aston Villa,0.345821325648415,0.19203614798079638,0.15378517766761862,2017
Arnaut Danjuma Groeneveld,2223,ESP-La Liga,Villarreal,0.37815126050420167,0.42712489573457163,0.06604090309506203,Everton,0.15734265734265734,0.18791897139089345,-0.030576314048236103,2022
Ashley Young,2021,ITA-Serie A,Inter,0.313588850174216,0.09567706953435617,0.13408279595474748,Aston Villa,0.04403131115459882,0.22527828494022026,-0.18124697378562143,2020
Axel Disasi,2223,FRA-Ligue 1,Monaco,0.1622108741363773,0.07157494357657544,0.029549869020785897,Chelsea,0.06960556844547564,0.318399159779995,-0.24879359133451937,2022
Aymeric Laporte,1617,ESP-La Liga,Athletic Club,0.06282722513089005,0.06927033883387818,0.019188215078405686,Manchester City,0.0,0.5279591257451036,-0.5279591257451036,2016
Aymeric Laporte,1718,ESP-La Liga,Athletic Club,0.05263157894736842,0.03191423671025979,0.05461742611307847,Manchester City,0.17652827721477607,0.426128890837352,-0.24960061362257593,2017
Bastian Schweinsteiger,1415,GER-Bundesliga,Bayern Munich,0.5951506245407788,0.14379587387125514,0.1467432088268583,Manchester United,0.0750625521267723,0.23960612691466082,-0.1645435747878885,2014
Benjamin Mendy,1617,FRA-Ligue 1,Monaco,0.2185526954832443,0.023970763027602867,0.1686077550209194,Manchester City,0.25210084033613445,0.5279591257451036,-0.2758582854089692,2016
Benoit Badiashile Mukinayi,2021,FRA-Ligue 1,Monaco,0.09394572025052192,0.08767701989712509,0.02368763983560753,Chelsea,0.09988901220865705,0.16481082198659067,-0.06492180977793362,2020
Benoit Badiashile Mukinayi,2223,FRA-Ligue 1,Monaco,0.21634615384615385,0.06039121300161172,0.05900863056572585,Chelsea,0.06726457399103139,0.318399159779995,-0.25113458578896364,2022
Bernardo,1516,ESP-La Liga,Sporting Gijon,0.06736526946107785,0.06514059942951816,0.04824243218242051,Middlesbrough,0.0,0.1446080263059562,-0.1446080263059562,2015
Bernardo,1718,GER-Bundesliga,RasenBallsport Leipzig,0.1334321719792439,0.028463183778626017,0.043700817168819364,Brighton,0.05172413793103449,0.1654225589857084,-0.11369842105467391,2017
Bernardo,1819,ESP-La Liga,Girona,0.06588579795021962,0.05239494341271514,0.03167984827174798,Brighton,0.0,0.1562555362647486,-0.1562555362647486,2018
Bernardo,1920,ESP-La Liga,Espanyol,0.1193633952254642,0.10209116938990845,0.02586617507534571,Brighton,0.0,0.17910760421758257,-0.17910760421758257,2019
Bernardo Silva,1617,FRA-Ligue 1,Monaco,0.5408271474019088,0.18157963811845568,0.23568951203818664,Manchester City,0.6,0.5279591257451036,0.07204087425489636,2016
Bernd Leno,1718,GER-Bundesliga,Bayer Leverkusen,0.0,0.0,0.004845196889205413,Arsenal,0.0,0.32469753988741334,-0.32469753988741334,2017
Bertrand Traoré,1920,FRA-Ligue 1,Lyon,0.28753993610223644,0.26465400241124937,0.2189494613944865,Aston Villa,0.4953429297205758,0.29690872805767116,0.19843420166290465,2019
Beto,2223,ITA-Serie A,Udinese,0.4645706241201314,0.42630903060093056,0.12217800041152832,Everton,0.30066815144766146,0.18791897139089345,0.11274918005676801,2022
Björn Engels,1819,FRA-Ligue 1,Reims,0.06060606060606061,0.033936228095130486,0.03479978193839391,Aston Villa,0.06219765031098825,0.19203614798079638,-0.12983849766980812,2018
Bojan,1617,GER-Bundesliga,Mainz 05,0.28526148969889065,0.1619781762739369,0.05342010638887644,Stoke,0.0,0.17546102464124771,-0.17546102464124771,2016
Borja Bastón,1516,ESP-La Liga,Eibar,0.7325581395348837,0.5690184138975171,0.09489057442649852,Swansea,0.1711026615969582,0.24508850418206576,-0.07398584258510757,2015
Borja Bastón,1819,ESP-La Liga,Alaves,0.3693570451436389,0.427038287119647,0.07865999496596701,Aston Villa,0.0,0.19203614798079638,-0.19203614798079638,2018
Boubacar Kamara,2021,FRA-Ligue 1,Marseille,0.061707233459033256,0.020300294446605992,0.05446251122268823,Aston Villa,0.05027932960893854,0.22527828494022026,-0.1749989553312817,2020
Boubakary Soumare,2021,FRA-Ligue 1,Lille,0.047046523784631464,0.0065034286299661,0.029292469060411643,Leicester,0.0,0.24627911633184274,-0.24627911633184274,2020
Bruno,1617,ESP-La Liga,Villarreal,0.21112600536193027,0.057468082444947055,0.04871878197451618,Brighton,0.0,0.19615613235585494,-0.19615613235585494,2016
Bruno,1718,ESP-La Liga,Getafe,0.0,0.012907195559819227,0.0690576805936871,Brighton,0.07826086956521738,0.1654225589857084,-0.08716168942049102,2017
Bruno Fernandes,1617,ITA-Serie A,Sampdoria,0.3629032258064516,0.29869928300994436,0.23213336248517313,Manchester United,1.1147811725846408,0.33958567645031384,0.775195496134327,2016
Bruno Guimarães,2021,FRA-Ligue 1,Lyon,0.20454545454545453,0.09104337981923229,0.10069553979503161,Newcastle United,0.29326574945691525,0.3000851305334847,-0.006819381076569431,2020
Bryan Gil Salvatierra,2021,ESP-La Liga,Eibar,0.27474923680767555,0.14194279123622416,0.18165779207835955,Tottenham,0.6081081081081081,0.2896913911398481,0.31841671696826,2020
Bryan Gil Salvatierra,2223,ESP-La Liga,Sevilla,0.3896103896103896,0.36119471769779915,0.07960710450764986,Tottenham,0.0,0.37565070581062704,-0.37565070581062704,2022
Cafú,1718,FRA-Ligue 1,Metz,0.0,0.07549355893769191,0.02078624671973321,Nottingham Forest,0.0,0.1575310916628282,-0.1575310916628282,2017
Caglar Söyüncü,1718,GER-Bundesliga,Freiburg,0.041821561338289966,0.037851085432815505,0.0,Leicester,0.0,0.2264475444295815,-0.2264475444295815,2017
Callum Hudson-Odoi,2223,GER-Bundesliga,Bayer Leverkusen,0.14754098360655737,0.023923460668960547,0.09181044702647162,Nottingham Forest,0.43926247288503256,0.2865459838078777,0.15271648907715485,2022
Carlos Baleba,2223,FRA-Ligue 1,Lille,0.0,0.07807410771594099,0.010067810749878054,Brighton,0.0,0.23581288343558282,-0.23581288343558282,2022
Carlos Vinicius,1819,FRA-Ligue 1,Monaco,0.5476673427991886,0.5054955151967296,0.08625116180364065,Tottenham,0.3,0.3576364892881825,-0.05763648928818249,2018
Casemiro,2021,ESP-La Liga,Real Madrid,0.31013094417643,0.20748053573721506,0.0901175419165195,Manchester United,0.29619181946403383,0.25831771321462044,0.0378741062494134,2020
Cengiz Ünder,1920,ITA-Serie A,Roma,0.3103448275862069,0.2651744350020228,0.2927291289228818,Leicester,0.694980694980695,0.3095599393019727,0.38542075567872236,2019
Cheick Oumar Doucoure,2021,FRA-Ligue 1,Lens,0.1021566401816118,0.037353769130793385,0.038941657925436905,Crystal Palace,0.09557522123893805,0.2131380478740846,-0.11756282663514656,2020
Chicharito,1415,ESP-La Liga,Real Madrid,1.1660777385159011,0.49298310428594533,0.4209644300040424,Manchester United,0.0,0.23960612691466082,-0.23960612691466082,2014
Chicharito,1617,GER-Bundesliga,Bayer Leverkusen,0.695364238410596,0.5094624242887197,0.13173833449327987,West Ham,0.47244094488188976,0.2332516774949409,0.23918926738694885,2016
Chimuanya Ugochukwu,2223,FRA-Ligue 1,Rennes,0.06766917293233082,0.07837187346155033,0.05731948980487379,Chelsea,0.0,0.318399159779995,-0.318399159779995,2022
Chris Richards,2021,GER-Bundesliga,Bayern Munich,0.17374517374517376,0.018932316668015186,0.07249468546468606,Crystal Palace,0.0,0.2131380478740846,-0.2131380478740846,2020
Christian Eriksen,2021,ITA-Serie A,Inter,0.19271948608137046,0.07586935158156864,0.1534401918751461,Manchester United,0.3868194842406877,0.25831771321462044,0.12850177102606725,2020
Christian Fuchs,1415,GER-Bundesliga,Schalke 04,0.31523642732049034,0.04157828163818803,0.20617911269180408,Leicester,0.13303769401330376,0.38566279535442527,-0.2526251013411215,2014
Christian Pulisic,1819,GER-Bundesliga,Borussia Dortmund,0.7860262008733625,0.5067699839763636,0.29171379010587545,Chelsea,0.6731875719217492,0.34199677361534325,0.3311907983064059,2018
Christopher Nkunku,2223,GER-Bundesliga,RasenBallsport Leipzig,0.9488666315234581,0.629092188150429,0.23261357593690335,Chelsea,0.6490384615384616,0.318399159779995,0.33063930175846656,2022
Claudio Bravo,1516,ESP-La Liga,Barcelona,0.0,0.0,0.0,Manchester City,0.0,0.3210133123630849,-0.3210133123630849,2015
Clement Lenglet,2021,ESP-La Liga,Barcelona,0.036334275333064193,0.08734887122933452,0.028869500176941235,Tottenham,0.08827856792545366,0.2896913911398481,-0.20141282321439444,2020
Clinton N'Jie,1415,FRA-Ligue 1,Lyon,0.8300395256916996,0.49655288468913833,0.19684325653338147,Tottenham,0.5263157894736842,0.38487428232033266,0.14144150715335152,2014
Cristhian Stuani,1415,ESP-La Liga,Espanyol,0.621046578493387,0.4410613286124179,0.0440597145369918,Middlesbrough,0.26296566837107377,0.1446080263059562,0.11835764206511756,2014
Cristian Romero,2021,ITA-Serie A,Atalanta,0.14106583072100315,0.04788990878444574,0.029751619435029346,Tottenham,0.03802281368821293,0.2896913911398481,-0.2516685774516352,2020
Cristiano Ronaldo,2021,ITA-Serie A,Juventus,1.0260064125400783,0.7614188412244863,0.12359013959452228,Manchester United,0.17408123791102514,0.25831771321462044,-0.08423647530359529,2020
Dango Ouattara,2223,FRA-Ligue 1,Lorient,0.6346153846153847,0.34606730418566334,0.22938533922514093,Bournemouth,0.22499999999999998,0.26250972258231786,-0.037509722582317884,2022
Dani Ceballos,1819,ESP-La Liga,Real Madrid,0.21686746987951808,0.16173167504280445,0.09069085403917783,Arsenal,0.10452961672473868,0.23535979784326977,-0.1308301811185311,2018
Danilo,1617,ITA-Serie A,Udinese,0.08426966292134831,0.03244734874120756,0.007282893194325183,Manchester City,0.3363228699551569,0.5279591257451036,-0.1916362557899467,2016
Danilo,1718,ITA-Serie A,Udinese,0.03233920229967661,0.033630245431127886,0.003264002154600992,Manchester City,0.11166253101736973,0.426128890837352,-0.3144663598199823,2017
Danilo,2021,ITA-Serie A,Juventus,0.15400410677618068,0.05647336759124509,0.10514779194225643,Nottingham Forest,0.45045045045045046,0.1575310916628282,0.29291935878762226,2020
Danilo,2223,ITA-Serie A,Juventus,0.17013232514177695,0.07064225748075711,0.08166944968121546,Nottingham Forest,0.2001111728738188,0.2865459838078777,-0.08643481093405891,2022
David Luiz,1516,FRA-Ligue 1,Paris Saint Germain,0.12943432406519656,0.060631933167562505,0.07526801307958016,Chelsea,0.03041568097330179,0.39835781640900636,-0.3679421354357046,2015
Davide Zappacosta,1617,ITA-Serie A,Torino,0.23166023166023167,0.03287298464608239,0.1962230182666346,Chelsea,0.16483516483516483,0.2718401486988848,-0.10700498386371995,2016
Dejan Kulusevski,2021,ITA-Serie A,Juventus,0.32863849765258213,0.15654494504973362,0.29736842522878604,Tottenham,0.3820754716981132,0.2896913911398481,0.09238408055826508,2020
Denis Suárez,1718,ESP-La Liga,Barcelona,0.6228373702422145,0.3155562654459868,0.3322158551494555,Arsenal,0.0,0.32469753988741334,-0.32469753988741334,2017
Denis Zakaria,2021,GER-Bundesliga,Borussia M.Gladbach,0.12658227848101264,0.08868954297673853,0.06803857964239543,Chelsea,0.0,0.16481082198659067,-0.16481082198659067,2020
Dennis Praet,1819,ITA-Serie A,Sampdoria,0.1549053356282272,0.07131569415471947,0.13683312989630306,Leicester,0.2402135231316726,0.34614151917666747,-0.10592799604499487,2018
Didier Ndong,1516,FRA-Ligue 1,Lorient,0.08835078534031414,0.04711677007625825,0.030949044587451437,Sunderland,0.03572846367606193,0.1031452947917993,-0.06741683111573737,2015
Diego Carlos,2021,ESP-La Liga,Sevilla,0.032234957020057305,0.053358609277093225,0.02135788802361719,Aston Villa,0.0,0.22527828494022026,-0.22527828494022026,2020
Diego Llorente,1920,ESP-La Liga,Real Sociedad,0.07725321888412016,0.056341997783455215,0.016417952218440723,Leeds,0.07450331125827814,0.29273784950272097,-0.21823453824444283,2019
Diego Rico,1718,ESP-La Liga,Leganes,0.16150740242261105,0.05962920748700124,0.1450750861733069,Bournemouth,0.0,0.2742334793372691,-0.2742334793372691,2017
Dimitri Foulquier,1819,ESP-La Liga,Getafe,0.24779735682819384,0.0718978678988137,0.08301662621683224,Watford,0.0,0.14785695426408893,-0.14785695426408893,2018
Dimitri Payet,1415,FRA-Ligue 1,Marseille,0.6736088512853888,0.11953026792134518,0.386140579269854,West Ham,0.733695652173913,0.28154914596759056,0.4521465062063224,2014
Diogo Dalot,2021,ITA-Serie A,AC Milan,0.16822429906542055,0.04293853688602135,0.08056245819082326,Manchester United,0.12476894639556377,0.25831771321462044,-0.13354876681905667,2020
Divock Origi,1415,FRA-Ligue 1,Lille,0.460679385760819,0.28734864564781526,0.14664233152972594,Liverpool,0.8181818181818182,0.2962209389306125,0.5219608792512057,2014
Divock Origi,1718,GER-Bundesliga,Wolfsburg,0.36697247706422015,0.28878328689468014,0.049490660104319587,Liverpool,1.0084033613445378,0.40823791930350806,0.6001654420410297,2017
Divock Origi,2223,ITA-Serie A,AC Milan,0.27522935779816515,0.3267334138444804,0.0939440853688695,Nottingham Forest,0.1615798922800718,0.2865459838078777,-0.12496609152780591,2022
Djibril Sidibe,1819,FRA-Ligue 1,Monaco,0.0872093023255814,0.04210600659229554,0.1523763454264723,Everton,0.19933554817275748,0.19402852839549925,0.005307019777258226,2018
Dominik Szoboszlai,2223,GER-Bundesliga,RasenBallsport Leipzig,0.4754164973587972,0.16184312660415112,0.33925872858445705,Liverpool,0.2107728337236534,0.3963987304877259,-0.18562589676407248,2022
Douglas Luiz,1819,ESP-La Liga,Girona,0.0,0.06286421102104765,0.03605949060257637,Aston Villa,0.17294388931591084,0.19203614798079638,-0.019092258664885536,2018
Duje Caleta-Car,2021,FRA-Ligue 1,Marseille,0.0957107408720312,0.033363095002340665,0.04393975881318892,Southampton,0.09503695881731784,0.17380204241948155,-0.07876508360216371,2020
Edinson Cavani,1920,FRA-Ligue 1,Paris Saint Germain,0.7588532883642496,1.3013247220853932,0.16588174346928652,Manchester United,0.8634686346863468,0.37366951007775345,0.4897991246085934,2019
Edouard Mendy,1920,FRA-Ligue 1,Rennes,0.0,0.0,0.0,Chelsea,0.0,0.2515188335358445,-0.2515188335358445,2019
Eliaquim Mangala,1617,ESP-La Liga,Valencia,0.06805293005671077,0.08970189615661571,0.0030417029476515053,Everton,0.0,0.17062133072407043,-0.17062133072407043,2016
Emerson,1617,ITA-Serie A,Roma,0.04575495678698526,0.02607457429723626,0.10877781209072367,Chelsea,0.3249097472924188,0.2718401486988848,0.053069598593533995,2016
Emerson,1920,ESP-La Liga,Real Betis,0.28491030601477313,0.05770791198821124,0.17010543321141716,Chelsea,0.0,0.2515188335358445,-0.2515188335358445,2019
Emerson,2021,ESP-La Liga,Real Betis,0.15010006671114076,0.041966447963927934,0.09562597994949219,Tottenham,0.15579919215233698,0.2896913911398481,-0.13389219898751112,2020
Emil Krafth,1819,FRA-Ligue 1,Amiens,0.0605245460659045,0.020491102414121744,0.09173363470989102,Newcastle United,0.087890625,0.18125747372395998,-0.09336684872395998,2018
Emiliano Buendía,1516,ESP-La Liga,Getafe,0.12328767123287672,0.12827258699969074,0.030912658225183617,Norwich,0.2924451665312754,0.1360348364343038,0.15641033009697158,2015
Emmanuel Dennis,2021,GER-Bundesliga,FC Cologne,0.19027484143763213,0.09433398287089632,0.14336553132496224,Nottingham Forest,0.5106382978723405,0.1575310916628282,0.3531072062095123,2020
Enes Ünal,2223,ESP-La Liga,Getafe,0.5077995353468304,0.21353051237331708,0.10023802881729671,Bournemouth,1.2720848056537102,0.26250972258231786,1.0095750830713923,2022
Eric Bailly,1516,ESP-La Liga,Villarreal,0.0,0.009988966416760345,0.025558611731508085,Manchester United,0.0,0.2630526412946497,-0.2630526412946497,2015
Eric Maxim Choupo-Moting,1617,GER-Bundesliga,Schalke 04,0.3730017761989343,0.23869809246296148,0.19325821625720546,Stoke,0.39875941515285773,0.17546102464124771,0.22329839051161002,2016
Erik Durm,1617,GER-Bundesliga,Borussia Dortmund,0.18480492813141683,0.06567493908191424,0.16800576857304547,Huddersfield,0.043923865300146414,0.08613050721298693,-0.042206641912840515,2016
Erik Pieters,1819,FRA-Ligue 1,Amiens,0.14274385408406026,0.06924276670011191,0.04204650852654918,Burnley,0.19148936170212766,0.23211069264778125,-0.040621330945653594,2018
Erling Haaland,2021,GER-Bundesliga,Borussia Dortmund,1.2293046357615893,0.7661685391039347,0.1503271031014572,Manchester City,1.4127720299678914,0.42159503454737085,0.9911769954205205,2020
Estupiñán,2021,ESP-La Liga,Villarreal,0.0,0.037297990321725316,0.14190188227811018,Brighton,0.19948282231252307,0.30977930755213606,-0.110296485239613,2020
Ezequiel Schelotto,1415,ITA-Serie A,Chievo,0.0,0.1069151654609301,0.08000271509956108,Brighton,0.0,0.19615613235585494,-0.19615613235585494,2014
Fabian Schär,1718,ESP-La Liga,Deportivo La Coruna,0.16208914903196758,0.13002927288017205,0.029636939592535355,Newcastle United,0.22421524663677128,0.21649586450060962,0.007719382136161662,2017
Fabinho,1718,FRA-Ligue 1,Monaco,0.29411764705882354,0.06265612565638388,0.12507361957036398,Liverpool,0.1345962113659023,0.40823791930350806,-0.2736417079376058,2017
Fabri,1415,ESP-La Liga,Deportivo La Coruna,0.0,0.0,0.0005564096594049064,Fulham,0.0,0.1501273009276872,-0.1501273009276872,2014
Facundo Pellistri,2021,ESP-La Liga,Alaves,0.0,0.07109425323649068,0.00630787061004155,Manchester United,0.0,0.25831771321462044,-0.25831771321462044,2020
Felipe,2021,ESP-La Liga,Atletico Madrid,0.0,0.05676252194741635,0.01862178033689585,Nottingham Forest,0.06306937631394534,0.1575310916628282,-0.09446171534888285,2020
Felipe Anderson,1718,ITA-Serie A,Lazio,0.8691834942932397,0.2173976382670746,0.3466744292805444,West Ham,0.38073543768304585,0.2535646796083147,0.12717075807473116,2017
Fernando,1516,ITA-Serie A,Sampdoria,0.18066242890598863,0.08610490012531319,0.11138701057401179,Manchester City,0.0,0.3210133123630849,-0.3210133123630849,2015
Fernando Marçal,1920,FRA-Ligue 1,Lyon,0.10804321728691475,0.009822543735066946,0.1482731494761887,Wolverhampton Wanderers,0.0,0.16829491680659442,-0.16829491680659442,2019
Ferrán Torres,1920,ESP-La Liga,Valencia,0.3558875219683656,0.15904461100340703,0.2001755478217386,Manchester City,0.6206896551724138,0.402430282964126,0.21825937220828784,2019
Florent Hadergjonaj,1617,GER-Bundesliga,Ingolstadt,0.12140287769784172,0.01149083510302543,0.07410740115086836,Huddersfield,0.05373134328358209,0.1310854604376798,-0.0773541171540977,2016
Florian Lejeune,1617,ESP-La Liga,Eibar,0.060626473560121255,0.0774413021061784,0.01716704414915902,Newcastle United,0.08559201141226819,0.18317885771543085,-0.09758684630316267,2016
Florian Thauvin,1415,FRA-Ligue 1,Marseille,0.310463779225757,0.24258917742314218,0.15857791268591934,Newcastle United,0.0,0.2490863286378313,-0.2490863286378313,2014
Florin Andone,1718,ESP-La Liga,Deportivo La Coruna,0.49723756906077343,0.5808421346816897,0.05690073491542379,Brighton,0.31358885017421606,0.1654225589857084,0.14816629118850766,2017
Floyd Ayité,1516,FRA-Ligue 1,SC Bastia,0.375996961640714,0.2129951728938697,0.06256931993022329,Fulham,0.2040816326530612,0.1501273009276872,0.053954331725374005,2015
Fode Toure,2223,ITA-Serie A,AC Milan,0.17543859649122806,0.24326682156115248,0.1143054598779009,Fulham,0.0,0.2523128679562658,-0.2523128679562658,2022
Franck Zambo,1718,FRA-Ligue 1,Marseille,0.0,0.04253122100921731,0.1271776294204594,Fulham,0.0,0.1501273009276872,-0.1501273009276872,2017
Franck Zambo,1920,ESP-La Liga,Villarreal,0.069713400464756,0.10269480178855492,0.021468645789877654,Fulham,0.104570100697134,0.1369087628683624,-0.0323386621712284,2019
Frederic Guilbert,1819,FRA-Ligue 1,Caen,0.09246575342465754,0.009168543549866914,0.08753381223315757,Aston Villa,0.08801955990220049,0.19203614798079638,-0.10401658807859589,2018
Gabriel,1415,ESP-La Liga,Villarreal,0.0,0.029561875014801762,0.02821810264198322,Arsenal,0.05110732538330494,0.3668051081007647,-0.3156977827174598,2014
Gabriel,1920,ITA-Serie A,Lecce,0.0,0.0,0.0,Arsenal,0.09027081243731194,0.2523936320888335,-0.16212281965152153,2019
Gabriel,2021,ESP-La Liga,Valencia,0.16568483063328424,0.03102842428610387,0.02014780239118414,Arsenal,0.07903981264637003,0.4334823396083863,-0.3544425269620163,2020
Gabriel,2223,ESP-La Liga,Valencia,0.05968169761273209,0.0718251828212953,0.018698207969809397,Arsenal,0.08852459016393444,0.4180607438687673,-0.32953615370483286,2022
Gareth Bale,1920,ESP-La Liga,Real Madrid,0.3275705186533212,0.3317250944572324,0.12814633919432883,Tottenham,1.2871287128712872,0.3576364892881825,0.9294922235831047,2019
Georges-Kévin Nkoudou,1516,FRA-Ligue 1,Marseille,0.3471552555448409,0.15100517279666956,0.12305082162355388,Tottenham,0.0,0.43882841740205336,-0.43882841740205336,2015
Gerard Deulofeu,1415,ESP-La Liga,Sevilla,0.6792452830188679,0.2703356160167253,0.24015351947186125,Everton,0.6479481641468683,0.276897770196174,0.3710503939506943,2014
Gerard Deulofeu,1617,ITA-Serie A,AC Milan,0.42944785276073616,0.2084457135525035,0.3975551563995016,Watford,0.20316027088036115,0.17907303370786515,0.024087237172496,2016
Gerard Deulofeu,1718,ESP-La Liga,Barcelona,0.35714285714285715,0.20420144179037641,0.31300142573724904,Watford,0.6398104265402844,0.2379903040987219,0.4018201224415625,2017
Gianluca Scamacca,2021,ITA-Serie A,Genoa,0.6691449814126395,0.4222758303372169,0.19171238349937597,West Ham,0.28723404255319146,0.1688197743018788,0.11841426825131265,2020
Giannelli Imbula,1415,FRA-Ligue 1,Marseille,0.11313639220615965,0.04656984635566126,0.07090992529570382,Stoke,0.14285714285714285,0.21316134674245737,-0.07030420388531453,2014
Giovani Lo Celso,2223,ESP-La Liga,Villarreal,0.3937007874015748,0.23916714854069115,0.27101225784327104,Tottenham,0.7725321888412017,0.37565070581062704,0.39688148303057463,2022
Giovanni Reyna,2223,GER-Bundesliga,Borussia Dortmund,1.3590604026845639,0.4951738143627276,0.21874268739265484,Nottingham Forest,0.4368932038834952,0.2865459838078777,0.15034722007561746,2022
Gonzalo Higuaín,1718,ITA-Serie A,Juventus,0.7043756670224119,0.3806550852087672,0.10314891784747102,Chelsea,0.4090909090909091,0.3900903367095538,0.01900057238135533,2017
Gonzalo Montiel,2223,ESP-La Liga,Sevilla,0.17857142857142858,0.065329261567621,0.15261788264892642,Nottingham Forest,0.22249690976514214,0.2865459838078777,-0.06404907404273558,2022
Gonçalo Guedes,2021,ESP-La Liga,Valencia,0.3896103896103896,0.11888836217778069,0.15671837383082934,Wolverhampton Wanderers,0.25069637883008355,0.12137768863683518,0.12931869019324838,2020
Granit Xhaka,1516,GER-Bundesliga,Borussia M.Gladbach,0.15202702702702703,0.06448309030265836,0.08886205211023775,Arsenal,0.14446227929373998,0.3653666977239452,-0.22090441843020522,2015
Grzegorz Krychowiak,1617,FRA-Ligue 1,Paris Saint Germain,0.0,0.06509005174176671,0.016593400722986658,West Bromwich Albion,0.10948905109489052,0.1628410260048959,-0.05335197491000537,2016
Guglielmo Vicario,2223,ITA-Serie A,Empoli,0.0,0.0,0.0,Tottenham,0.0,0.37565070581062704,-0.37565070581062704,2022
Guido Carrillo,1617,FRA-Ligue 1,Monaco,1.2765957446808511,0.9307437529787421,0.19635780011006493,Southampton,0.19867549668874174,0.19229894985679866,0.006376546831943081,2016
Gökhan Inler,1415,ITA-Serie A,Napoli,0.06593406593406594,0.03417547865883335,0.04570505370969301,Leicester,0.0,0.38566279535442527,-0.38566279535442527,2014
Hamed Junior Traore,2021,ITA-Serie A,Sassuolo,0.35274356103023513,0.22281236982041883,0.19589901543540456,Bournemouth,0.0,0.15967523680649526,-0.15967523680649526,2020
Hamed Junior Traore,2223,ITA-Serie A,Sassuolo,0.45918367346938777,0.13846784668537426,0.22807306838126815,Bournemouth,0.0,0.26250972258231786,-0.26250972258231786,2022
Han-Noah Massengo,2223,FRA-Ligue 1,Auxerre,0.0,0.06689945435830737,0.04145468865333665,Burnley,0.0,0.18817715263257934,-0.18817715263257934,2022
Henri Saivet,1415,FRA-Ligue 1,Bordeaux,0.0,0.1749022538795315,0.02676700720865925,Newcastle United,0.0,0.2490863286378313,-0.2490863286378313,2014
Henri Saivet,1617,FRA-Ligue 1,Saint-Etienne,0.15202702702702703,0.1480088059356235,0.12011423900509505,Newcastle United,1.0465116279069766,0.18317885771543085,0.8633327701915458,2016
Henrikh Mkhitaryan,1516,GER-Bundesliga,Borussia Dortmund,0.9076803723816912,0.4012981638647587,0.5544509180395917,Manchester United,0.33407572383073497,0.2630526412946497,0.07102308253608525,2015
Håvard Nordtveit,1516,GER-Bundesliga,Borussia M.Gladbach,0.1837484687627603,0.03665643373390955,0.04020326053240728,West Ham,0.09424083769633508,0.22743920304717255,-0.13319836535083746,2015
Håvard Nordtveit,1718,GER-Bundesliga,Hoffenheim,0.0,0.04007329845447132,0.005691776670406654,Fulham,0.24930747922437674,0.1501273009276872,0.09918017829668954,2017
Hélder Costa,1516,FRA-Ligue 1,Monaco,0.3472222222222222,0.211715322220698,0.1753369850727419,Wolverhampton Wanderers,0.20074349442379183,0.2792520617294031,-0.07850856730561126,2015
Ibrahim Amadou,1819,ESP-La Liga,Sevilla,0.0,0.04121134368898837,0.007715344674100998,Norwich,0.0,0.1360348364343038,-0.1360348364343038,2018
Ibrahim Sangare,1920,FRA-Ligue 1,Toulouse,0.04134129536058796,0.06869592062177518,0.049555306200949376,Nottingham Forest,0.0,0.2865459838078777,-0.2865459838078777,2019
Ibrahima Diallo,1920,FRA-Ligue 1,Brest,0.05758157389635316,0.004500593085578441,0.03944215159183958,Southampton,0.0,0.26058772687986176,-0.26058772687986176,2019
Ibrahima Konaté,2021,GER-Bundesliga,RasenBallsport Leipzig,0.12949640287769784,0.10319335297714892,0.0,Liverpool,0.0,0.3560603643556775,-0.3560603643556775,2020
Idrissa Gueye,1415,FRA-Ligue 1,Lille,0.19751280175566935,0.06522549653184637,0.04372909112922689,Aston Villa,0.029173419773095625,0.13166602807481975,-0.10249260830172413,2014
Idrissa Gueye,2021,FRA-Ligue 1,Paris Saint Germain,0.17088607594936708,0.05068858670471589,0.046507049375508404,Everton,0.03411675511751327,0.1528612490201202,-0.11874449390260691,2020
Ignacio Pussetto,1819,ITA-Serie A,Udinese,0.33012379642365886,0.2722364714166772,0.08974445367582973,Watford,0.0,0.14785695426408893,-0.14785695426408893,2018
Igor Julio,2223,ITA-Serie A,Fiorentina,0.0,0.016277797153798144,0.016548116714081487,Brighton,0.0,0.23581288343558282,-0.23581288343558282,2022
Ilkay Gündogan,1516,GER-Bundesliga,Borussia Dortmund,0.1801801801801802,0.17038943774595455,0.18455623216960612,Manchester City,0.502092050209205,0.3210133123630849,0.1810787378461201,2015
Ionut Radu,2223,ITA-Serie A,Cremonese,0.0,0.0,0.02172995648450321,Bournemouth,0.0,0.26250972258231786,-0.26250972258231786,2022
Isaac Mbenza,1718,FRA-Ligue 1,Montpellier,0.3444976076555024,0.32500184389749215,0.05141808938805424,Huddersfield,0.1882845188284519,0.08613050721298693,0.10215401161546497,2017
Isaac Success,1516,ESP-La Liga,Granada,0.29496108152396555,0.2623458680136313,0.12545981503556078,Watford,0.3887688984881209,0.18351577591757887,0.20525312257054204,2015
Isaac Success,1718,ESP-La Liga,Malaga,0.18072289156626506,0.07471500065581627,0.29598086533776247,Watford,0.1773399014778325,0.2379903040987219,-0.060650402620889415,2017
Islam Slimani,1920,FRA-Ligue 1,Monaco,1.1206225680933852,0.6298609180122265,0.2935112629535133,Leicester,0.0,0.3095599393019727,-0.3095599393019727,2019
Ismaila Sarr,1819,FRA-Ligue 1,Rennes,0.4485582057671769,0.16623504187324242,0.233966057159301,Watford,0.3974484789008832,0.14785695426408893,0.24959152463679427,2018
Issa Diop,1718,FRA-Ligue 1,Toulouse,0.08823529411764706,0.05570059935288394,0.01379894947304445,West Ham,0.030303030303030304,0.2535646796083147,-0.2232616493052844,2017
Issa Kabore,2223,FRA-Ligue 1,Marseille,0.08991008991008992,0.11145930488842291,0.08756363699277799,Luton,0.10297482837528604,0.23822451472784037,-0.13524968635255433,2022
Ivan Perisic,2021,ITA-Serie A,Inter,0.4002223457476376,0.2475235947180517,0.21072760425723383,Tottenham,0.3844328429046037,0.2896913911398481,0.09474145176475562,2020
Ivo Grbic,2223,ESP-La Liga,Atletico Madrid,0.0,0.0,0.0,Sheffield United,0.0,0.10514018691588785,-0.10514018691588785,2022
Iyenoma Destiny Udogie,2223,ITA-Serie A,Udinese,0.23110785033015407,0.115727188205039,0.10635792611198266,Tottenham,0.1846532622076323,0.37565070581062704,-0.19099744360299473,2022
Jadon Sancho,2021,GER-Bundesliga,Borussia Dortmund,0.8209313490158425,0.25909913718106653,0.35618280477739556,Manchester United,0.47368421052631576,0.25831771321462044,0.21536649731169533,2020
Jakub Kiwior,2223,ITA-Serie A,Spezia,0.0,0.040154696542246286,0.03737752056442017,Arsenal,0.3777544596012592,0.4180607438687673,-0.0403062842675081,2022
Jan Kirchhoff,1415,GER-Bundesliga,Schalke 04,0.0,0.09625907924215672,0.05440202102822772,Sunderland,0.0,0.1927733283665487,-0.1927733283665487,2014
Jannik Vestergaard,1718,GER-Bundesliga,Borussia M.Gladbach,0.09375,0.061363969260128215,0.021566380746662617,Southampton,0.0,0.22851045039740947,-0.22851045039740947,2017
Javier Manquillo,1516,FRA-Ligue 1,Marseille,0.03364485981308411,0.007969878547798804,0.05268214089082223,Sunderland,0.06324666198172874,0.1031452947917993,-0.03989863281007057,2015
Jean Michael Seri,1718,FRA-Ligue 1,Nice,0.2735562310030395,0.06375848225425465,0.14915050873263969,Fulham,0.1187335092348285,0.1501273009276872,-0.03139379169285869,2017
Jean-Philippe Gbamin,1819,GER-Bundesliga,Mainz 05,0.10093457943925234,0.04370301994277495,0.06545168529395189,Everton,0.0,0.19402852839549925,-0.19402852839549925,2018
Jean-Philippe Mateta,1920,GER-Bundesliga,Mainz 05,0.3389830508474576,0.4075478825528743,0.10869957632937673,Crystal Palace,0.4225352112676056,0.19802682944140818,0.22450838182619745,2019
Jean-Philippe Mateta,2021,GER-Bundesliga,Mainz 05,0.7142857142857143,0.683605708680781,0.12019475930303868,Crystal Palace,0.2510460251046025,0.2131380478740846,0.03790797723051789,2020
Jean-Ricner Bellegarde,2223,FRA-Ligue 1,Strasbourg,0.2947196070405239,0.08802567492382135,0.19690290064449148,Wolverhampton Wanderers,0.2878464818763326,0.24482109227871937,0.043025389597613234,2022
Jefferson Lerma,1718,ESP-La Liga,Levante,0.04201680672268907,0.04274614307904193,0.0650014791308957,Bournemouth,0.07123070834982193,0.2742334793372691,-0.20300277098744718,2017
Jeremie Boga,1617,ESP-La Liga,Granada,0.18646408839779005,0.134406111091221,0.056059017368381356,Chelsea,0.0,0.2718401486988848,-0.2718401486988848,2016
Jesús Gámez,1516,ESP-La Liga,Atletico Madrid,0.0,0.009252797770945969,0.02038260654822363,Newcastle United,0.0,0.18317885771543085,-0.18317885771543085,2015
Jetro Willems,1819,GER-Bundesliga,Eintracht Frankfurt,0.1274787535410765,0.025061251867362015,0.27603724013707964,Newcastle United,0.23984010659560295,0.18125747372395998,0.058582632871642976,2018
Joachim Andersen,1920,FRA-Ligue 1,Lyon,0.058785107772697576,0.06031730735417793,0.006846807371511091,Fulham,0.06588579795021962,0.1369087628683624,-0.07102296491814278,2019
Joe Hart,1617,ITA-Serie A,Torino,0.0,0.0,0.0004996749986377028,West Ham,0.05263157894736842,0.2332516774949409,-0.1806200985475725,2016
Joel Campbell,1415,ESP-La Liga,Villarreal,0.0741962077493817,0.1425813897670249,0.19361939755716012,Arsenal,0.5050505050505051,0.3668051081007647,0.13824539694974036,2014
Joel Matip,1516,GER-Bundesliga,Schalke 04,0.17647058823529413,0.09262052438605357,0.049392620649407894,Liverpool,0.036689767631471665,0.40330263575738334,-0.36661286812591165,2015
Joel Robles,2021,ESP-La Liga,Real Betis,0.0,0.0,0.0012100833571619444,Leeds,0.0,0.20178776882909993,-0.20178776882909993,2020
Joelinton,1819,GER-Bundesliga,Hoffenheim,0.5025593299208935,0.37405019420601704,0.21552621280768408,Newcastle United,0.1322556943423953,0.18125747372395998,-0.049001779381564664,2018
Jonas Lössl,1617,GER-Bundesliga,Mainz 05,0.0,0.0010133592618836297,0.003716162923309537,Huddersfield,0.02631578947368421,0.1310854604376798,-0.10476967096399559,2016
Jonjoe Kenny,1920,GER-Bundesliga,Schalke 04,0.16471449487554907,0.03838083905878301,0.03803134459175857,Everton,0.0,0.20810118119010476,-0.20810118119010476,2019
Jonny,1718,ESP-La Liga,Celta Vigo,0.08416458852867831,0.052895987243217375,0.0504032719213785,Wolverhampton Wanderers,0.06446991404011461,0.2792520617294031,-0.2147821476892885,2017
Jordan Amavi,1415,FRA-Ligue 1,Nice,0.11128284389489954,0.038127795316658955,0.09362409402899893,Aston Villa,0.21556886227544908,0.13166602807481975,0.08390283420062933,2014
Jordan Ayew,1415,FRA-Ligue 1,Lorient,0.5848623853211009,0.3299725699716956,0.11201678576597243,Aston Villa,0.267402376910017,0.13166602807481975,0.13573634883519725,2014
Jordan Veretout,1415,FRA-Ligue 1,Nantes,0.3635798632691113,0.056031329234317646,0.2003241518704537,Aston Villa,0.24576734025122882,0.13166602807481975,0.11410131217640906,2014
Jorginho,1718,ITA-Serie A,Napoli,0.20171834142697048,0.041528810034820875,0.1286816261959223,Chelsea,0.056621579112928595,0.3900903367095538,-0.3334687575966252,2017
Joselu,1415,GER-Bundesliga,Hannover 96,0.3996770286637061,0.31194984948967175,0.13109849501953139,Stoke,0.41977611940298504,0.21316134674245737,0.20661477266052766,2014
Joselu,1617,ESP-La Liga,Deportivo La Coruna,0.6108597285067873,0.2700534657094779,0.021555458208149914,Newcastle United,0.2601156069364162,0.18317885771543085,0.07693674922098537,2016
Josh Maja,1920,FRA-Ligue 1,Bordeaux,1.0241820768136558,0.44434423066919426,0.16242401137852652,Fulham,0.3337453646477132,0.1369087628683624,0.1968366017793508,2019
Josko Gvardiol,2223,GER-Bundesliga,RasenBallsport Leipzig,0.04153207198892478,0.07293410922422572,0.025588216485277704,Manchester City,0.19271948608137046,0.4097190421032783,-0.21699955602190785,2022
José Holebas,1415,ITA-Serie A,Roma,0.08763388510223953,0.023712624923599032,0.05580567080117653,Watford,0.0,0.15888300433317284,-0.15888300433317284,2014
José Ángel Crespo,1415,ESP-La Liga,Cordoba,0.0,0.01823112405544335,0.04968546243254688,Aston Villa,0.0,0.13166602807481975,-0.13166602807481975,2014
João Cancelo,1819,ITA-Serie A,Juventus,0.18283392585068564,0.08520174864726875,0.1811048224068887,Manchester City,0.0,0.4442637707250501,-0.4442637707250501,2018
João Félix,2021,ESP-La Liga,Atletico Madrid,0.693196405648267,0.2493334382973296,0.24324676027911238,Chelsea,0.3777544596012592,0.16481082198659067,0.21294363761466853,2020
João Moutinho,1718,FRA-Ligue 1,Monaco,0.22491967154587647,0.028460785914152614,0.16986820986444548,Wolverhampton Wanderers,0.26531280707500815,0.2792520617294031,-0.01393925465439494,2017
João Mário,1617,ITA-Serie A,Inter,0.3601800900450225,0.2167615644249873,0.20486364638215754,West Ham,0.26036644165863065,0.2332516774949409,0.027114764163689742,2016
João Pedro,1819,ITA-Serie A,Cagliari,0.3127413127413127,0.24254403640174496,0.11661051475878043,Watford,0.0,0.14785695426408893,-0.14785695426408893,2018
João Pedro,2021,ITA-Serie A,Cagliari,0.5224564619615032,0.26076498524201347,0.14563071542341813,Brighton,0.5330700888450147,0.23581288343558282,0.2972572054094319,2020
Juan Cuadrado,1415,ITA-Serie A,Fiorentina,0.49484536082474223,0.3741316539571457,0.13539465641622075,Chelsea,0.0,0.2633222656892074,-0.2633222656892074,2014
Juan Iturbe,1415,ITA-Serie A,Roma,0.1939655172413793,0.23086834578485838,0.08614216240700977,Bournemouth,0.0,0.2038092927332282,-0.2038092927332282,2014
Juanmi,1415,ESP-La Liga,Malaga,0.3202846975088968,0.2998019007591405,0.08972729044200793,Southampton,0.0,0.31126161827220983,-0.31126161827220983,2014
Justin Kluivert,2223,ESP-La Liga,Valencia,0.3716448726772195,0.3635263338067145,0.16946081609220973,Bournemouth,0.35485460818137016,0.26250972258231786,0.0923448855990523,2022
Jéremy Doku,2223,FRA-Ligue 1,Rennes,0.5638214565387627,0.20567269568435828,0.3136719760945185,Manchester City,0.6126237623762376,0.4097190421032783,0.2029047202729593,2022
Jérémy Pied,1516,FRA-Ligue 1,Nice,0.0911854103343465,0.024533437672538235,0.11780486343071817,Southampton,0.0,0.2131782945736434,-0.2131782945736434,2015
Kai Havertz,1920,GER-Bundesliga,Bayer Leverkusen,0.6566680178354276,0.33933772132054335,0.30221357314957265,Chelsea,0.41365725541694026,0.2515188335358445,0.16213842188109578,2019
Kalidou Koulibaly,2021,ITA-Serie A,Napoli,0.0,0.039793239909798495,0.012095235195516137,Chelsea,0.14925373134328357,0.16481082198659067,-0.015557090643307098,2020
Kamil Grosicki,1516,FRA-Ligue 1,Rennes,0.7109940750493746,0.2820455917746437,0.18551750351393437,Hull,0.23580786026200876,0.15676407973679116,0.0790437805252176,2015
Kamil Grosicki,1617,FRA-Ligue 1,Rennes,0.6415478615071283,0.27274622699499984,0.28207362898817007,West Bromwich Albion,0.5960264900662251,0.1432682299638768,0.4527582601023483,2016
Kenny Tete,1920,FRA-Ligue 1,Lyon,0.08530805687203792,0.051276498028381745,0.12560001367005694,Fulham,0.060687795010114634,0.1369087628683624,-0.07622096785824777,2019
Kepa,1718,ESP-La Liga,Athletic Club,0.0,0.0,0.008589633305867513,Chelsea,0.0,0.3900903367095538,-0.3900903367095538,2017
Kevin Danso,1819,GER-Bundesliga,Augsburg,0.14457831325301204,0.029197409075785826,0.024253873401377572,Southampton,0.33088235294117646,0.24127877752086058,0.08960357542031588,2018
Kevin De Bruyne,1415,GER-Bundesliga,Wolfsburg,0.8846657929226737,0.22777397670755029,0.4219545848633445,Manchester City,0.7178464606181456,0.3711402420625608,0.3467062185555848,2014
Kevin Mbabu,2021,GER-Bundesliga,Wolfsburg,0.0547112462006079,0.03771120414568117,0.10377637516582627,Fulham,0.6521739130434783,0.2651004329618851,0.38707348008159315,2020
Kevin Wimmer,1415,GER-Bundesliga,FC Cologne,0.0,0.005171627912204713,0.004919953091302884,Tottenham,0.0,0.38487428232033266,-0.38487428232033266,2014
Keylor Navas,2021,FRA-Ligue 1,Paris Saint Germain,0.0,0.0,0.0,Nottingham Forest,0.0,0.1575310916628282,-0.1575310916628282,2020
Kieran Trippier,2021,ESP-La Liga,Atletico Madrid,0.21782977006857604,0.004731287879958753,0.1423503521690089,Newcastle United,0.21377672209026127,0.3000851305334847,-0.0863084084432234,2020
Kiko Casilla,1718,ESP-La Liga,Real Madrid,0.0,0.0,0.0,Leeds,0.0,0.29273784950272097,-0.29273784950272097,2017
Kiko Femenía,1617,ESP-La Liga,Alaves,0.07197121151539385,0.008069660554810171,0.08891507789570062,Watford,0.10452961672473868,0.17907303370786515,-0.07454341698312647,2016
Konstantinos Mavropanos,2223,GER-Bundesliga,VfB Stuttgart,0.11805859204197638,0.1435998120847283,0.05317243612214603,West Ham,0.060402684563758385,0.2736763861202149,-0.2132737015564565,2022
Konstantinos Stafylidis,1617,GER-Bundesliga,Augsburg,0.15985790408525755,0.06744527455657509,0.05405429513301191,Stoke,0.0,0.17546102464124771,-0.17546102464124771,2016
Lamine Koné,1415,FRA-Ligue 1,Lorient,0.06666666666666667,0.02956199956436952,0.04195078319559495,Sunderland,0.20485584218512898,0.1927733283665487,0.012082513818580276,2014
Lamine Koné,1516,FRA-Ligue 1,Lorient,0.0,0.0564038468584899,0.0019498529333260744,Sunderland,0.03537735849056604,0.1031452947917993,-0.06776793630123326,2015
Layvin Kurzawa,2021,FRA-Ligue 1,Paris Saint Germain,0.139426800929512,0.06472256976756174,0.14071539239157177,Fulham,0.0,0.2651004329618851,-0.2651004329618851,2020
Leon Bailey,2021,GER-Bundesliga,Bayer Leverkusen,0.7112970711297072,0.2728242701441673,0.2656560710720936,Aston Villa,0.35450516986706054,0.22527828494022026,0.12922688492684029,2020
Leon Balogun,1718,GER-Bundesliga,Mainz 05,0.0,0.003050963218532954,0.0009246199268239439,Brighton,0.15280135823429541,0.1654225589857084,-0.012621200751412986,2017
Leroy Sané,1516,GER-Bundesliga,Schalke 04,0.5442764578833693,0.2563323109827083,0.18768367777954684,Manchester City,0.4015616285554936,0.3210133123630849,0.08054831619240871,2015
Loris Karius,1516,GER-Bundesliga,Mainz 05,0.0,0.0,0.0,Liverpool,0.0,0.40330263575738334,-0.40330263575738334,2015
Lucas Digne,1718,ESP-La Liga,Barcelona,0.25641025641025644,0.041670975490258284,0.2248430147002905,Everton,0.24258760107816715,0.2525341096418926,-0.009946508563725448,2017
Lucas Moura,1617,FRA-Ligue 1,Paris Saint Germain,0.6255110384300899,0.34810781872961505,0.22418011006543556,Tottenham,0.4326923076923077,0.35185783521809366,0.08083447247421405,2016
Lucas Paquetá,2021,FRA-Ligue 1,Lyon,0.547112462006079,0.29610689812757585,0.250394564773847,West Ham,0.28519692168401994,0.1688197743018788,0.11637714738214114,2020
Lucas Pérez,1516,ESP-La Liga,Deportivo La Coruna,0.7147395171537485,0.507339660606076,0.2075119395006633,Arsenal,0.3543307086614173,0.3653666977239452,-0.011035989062527896,2015
Lucas Pérez,1718,ESP-La Liga,Deportivo La Coruna,0.4504826599928495,0.20883652155510987,0.3185337425892507,West Ham,0.5844155844155844,0.2535646796083147,0.3308509048072697,2017
Lucas Torreira,1718,ITA-Serie A,Sampdoria,0.14097744360902256,0.03954247380711866,0.06737745120155071,Arsenal,0.1521555367709214,0.32469753988741334,-0.17254200311649195,2017
Luciano Vietto,1718,ESP-La Liga,Atletico Madrid,0.34177215189873417,0.1968307701187043,0.18223891350664667,Fulham,0.4615384615384615,0.1501273009276872,0.31141116061077434,2017
Ludwig Augustinsson,2021,GER-Bundesliga,Werder Bremen,0.18329938900203666,0.04014797397754525,0.14318079099176706,Aston Villa,0.0,0.22527828494022026,-0.22527828494022026,2020
Luis Hernández,1516,ESP-La Liga,Sporting Gijon,0.0,0.025990600778580307,0.021320785630942685,Leicester,0.0,0.23464750026424266,-0.23464750026424266,2015
Lyanco,2021,ITA-Serie A,Torino,0.0,0.07014749748746703,0.016573895924289,Southampton,0.15517241379310345,0.17380204241948155,-0.018629628626378097,2020
M'Baye Niang,1516,ITA-Serie A,AC Milan,0.6911262798634812,0.303959043604344,0.2322901516784071,Watford,0.28169014084507044,0.18351577591757887,0.09817436492749157,2015
Malo Gusto,2223,FRA-Ligue 1,Lyon,0.055693069306930694,0.03439488063455735,0.1664777766996165,Chelsea,0.3078677309007982,0.318399159779995,-0.01053142887919678,2022
Manolo Gabbiadini,1516,ITA-Serie A,Napoli,1.3610586011342154,0.6376383494099844,0.20926466692302423,Southampton,0.4884667571234736,0.2131782945736434,0.2752884625498302,2015
Manolo Gabbiadini,1617,ITA-Serie A,Napoli,0.5252918287937743,0.4798208474967962,0.008803442943159934,Southampton,0.42613636363636365,0.19229894985679866,0.233837413779565,2016
Manuel Akanji,2021,GER-Bundesliga,Borussia Dortmund,0.07659574468085106,0.07568954338735721,0.007963012388729034,Manchester City,0.03961267605633803,0.42159503454737085,-0.3819823584910328,2020
Marc Cucurella,2021,ESP-La Liga,Getafe,0.1382488479262673,0.06094657277799972,0.09957876485613634,Chelsea,0.1070154577883472,0.16481082198659067,-0.057795364198243465,2020
Marc Navarro,1718,ESP-La Liga,Espanyol,0.08166969147005446,0.0500758037735081,0.06898311577389142,Watford,0.0,0.2379903040987219,-0.2379903040987219,2017
Marcel Sabitzer,2021,GER-Bundesliga,RasenBallsport Leipzig,0.4850563449289564,0.20598377529139295,0.12755435359851805,Manchester United,0.14173228346456693,0.25831771321462044,-0.11658542975005351,2020
Marco van Ginkel,1415,ITA-Serie A,AC Milan,0.13740458015267176,0.10990639801585038,0.1318435498676796,Stoke,0.0,0.21316134674245737,-0.21316134674245737,2014
Marcos Alonso,1516,ITA-Serie A,Fiorentina,0.26888604353393086,0.1334893843457198,0.16120309695820878,Chelsea,0.3004451038575668,0.39835781640900636,-0.09791271255143957,2015
Mario Lemina,1617,ITA-Serie A,Juventus,0.2027027027027027,0.24815110414213423,0.08618623181875493,Southampton,0.10434782608695652,0.19229894985679866,-0.08795112376984214,2016
Mario Lemina,2223,FRA-Ligue 1,Nice,0.0,0.021645683690766308,0.007339689399716307,Wolverhampton Wanderers,0.14990006662225183,0.24482109227871937,-0.09492102565646754,2022
Mario Suárez,1415,ESP-La Liga,Atletico Madrid,0.07992895204262877,0.12302798635887102,0.027556376726917433,Watford,0.0,0.15888300433317284,-0.15888300433317284,2014
Mario Vrancic,1617,GER-Bundesliga,Darmstadt,0.3499675955930006,0.10012983644474116,0.2395103917513296,Norwich,0.1468189233278956,0.1360348364343038,0.010784086893591782,2016
Mark Flekken,2223,GER-Bundesliga,Freiburg,0.0,0.0,0.01665806244401371,Brentford,0.027330701488004858,0.24097102397810435,-0.2136403224900995,2022
Markus Suttner,1617,GER-Bundesliga,Ingolstadt,0.2956204379562044,0.062465084149046744,0.17237331919766366,Brighton,0.0,0.19615613235585494,-0.19615613235585494,2016
Marquinhos,2021,FRA-Ligue 1,Paris Saint Germain,0.16877637130801687,0.10094712295801328,0.009775814690670384,Arsenal,0.0,0.4334823396083863,-0.4334823396083863,2020
Marten de Roon,1516,ITA-Serie A,Atalanta,0.0870125684821141,0.018863495318636257,0.03486472035209249,Middlesbrough,0.12954300107952502,0.1446080263059562,-0.015065025226431189,2015
Martin Odegaard,1920,ESP-La Liga,Real Sociedad,0.35363457760314343,0.11614608573626675,0.23787479682263785,Arsenal,0.31213872832369943,0.2523936320888335,0.05974509623486596,2019
Martín Montoya,1718,ESP-La Liga,Valencia,0.16728624535315986,0.010432381289803377,0.08314508580356893,Brighton,0.04157043879907621,0.1654225589857084,-0.12385212018663219,2017
Mateo Kovacic,1718,ESP-La Liga,Real Madrid,0.09164969450101833,0.031696368623411096,0.06141543237572107,Chelsea,0.10250569476082004,0.3900903367095538,-0.28758464194873373,2017
Matheus Cunha,2021,GER-Bundesliga,Hertha Berlin,0.45748613678373384,0.2466100514065922,0.17892992722607337,Wolverhampton Wanderers,0.18404907975460122,0.12137768863683518,0.06267139111776604,2020
Matheus Pereira,1920,FRA-Ligue 1,Dijon,0.0,0.1296349116959251,0.08805617134874828,West Bromwich Albion,0.5898226676946801,0.1432682299638768,0.4465544377308033,2019
Mathieu Debuchy,1516,FRA-Ligue 1,Bordeaux,0.0,0.07117335447015204,0.02069553388852854,Arsenal,0.0,0.3653666977239452,-0.3653666977239452,2015
Matteo Darmian,1415,ITA-Serie A,Torino,0.1048951048951049,0.07716110210631277,0.11704064205523346,Manchester United,0.04646360351058337,0.23960612691466082,-0.19314252340407745,2014
Matz Sels,2223,FRA-Ligue 1,Strasbourg,0.0,0.0,0.006702183892852382,Nottingham Forest,0.0,0.2865459838078777,-0.2865459838078777,2022
Mauro Zárate,1516,ITA-Serie A,Fiorentina,0.5202312138728323,0.3607640106155607,0.0869417048969193,Watford,0.0,0.18351577591757887,-0.18351577591757887,2015
Max Gradel,1415,FRA-Ligue 1,Saint-Etienne,0.8234217749313816,0.43686167784768,0.22568965884571435,Bournemouth,0.29411764705882354,0.2038092927332282,0.09030835432559534,2014
Max Meyer,1718,GER-Bundesliga,Schalke 04,0.0,0.010086267312550558,0.017253843587600955,Crystal Palace,0.19244476122594442,0.25731889018644544,-0.06487412896050102,2017
Maxime Estève,2223,FRA-Ligue 1,Montpellier,0.0,0.023363499063257052,0.0011976117659439993,Burnley,0.0,0.18817715263257934,-0.18817715263257934,2022
Maxime Le Marchand,1718,FRA-Ligue 1,Nice,0.10642491131257391,0.015867386610901726,0.025334199817075145,Fulham,0.039982230119946685,0.1501273009276872,-0.11014507080774051,2017
Maximilian Wöber,1819,ESP-La Liga,Sevilla,0.0,0.03293791399380871,0.09039904723796889,Leeds,0.0,0.20178776882909993,-0.20178776882909993,2018
Maxwel Cornet,2021,FRA-Ligue 1,Lyon,0.25433992733144933,0.07077343227265821,0.1311604742022426,West Ham,0.0,0.1688197743018788,-0.1688197743018788,2020
Micah Richards,1415,ITA-Serie A,Fiorentina,0.0,0.018682101037987356,0.016988409841631316,Aston Villa,0.08784773060029283,0.13166602807481975,-0.043818297474526924,2014
Michael Hector,1617,GER-Bundesliga,Eintracht Frankfurt,0.0662739322533137,0.020285683309601756,0.0,Fulham,0.0,0.1369087628683624,-0.1369087628683624,2016
Michy Batshuayi,1516,FRA-Ligue 1,Marseille,0.7956477388643318,0.5219303367964085,0.10280969905781324,Chelsea,2.443438914027149,0.39835781640900636,2.0450810976181426,2015
Michy Batshuayi,1718,GER-Bundesliga,Borussia Dortmund,0.8602150537634408,0.7254378661833784,0.06425617282749503,Crystal Palace,0.587467362924282,0.25731889018644544,0.3301484727378366,2017
Michy Batshuayi,1819,ESP-La Liga,Valencia,0.17928286852589642,0.24898126595226894,0.1421462289016857,Chelsea,0.9278350515463918,0.34199677361534325,0.5858382779310485,2018
Micky van de Ven,2223,GER-Bundesliga,Wolfsburg,0.06060606060606061,0.04005971576341174,0.049361386985489815,Tottenham,0.11513859275053304,0.37565070581062704,-0.26051211306009403,2022
Miguel Britos,1415,ITA-Serie A,Napoli,0.06020066889632107,0.06348877563997854,0.014998857866362186,Watford,0.0,0.15888300433317284,-0.15888300433317284,2014
Mikkel Damsgaard,2021,ITA-Serie A,Sampdoria,0.30456852791878175,0.16973789370037276,0.10768029068213732,Brentford,0.0,0.3086011732628274,-0.3086011732628274,2020
Modibo Maiga,1415,FRA-Ligue 1,Metz,0.4602272727272727,0.21896436642220413,0.08100410178832879,West Ham,5.0,0.28154914596759056,4.718450854032409,2014
Mohamed Salah,1617,ITA-Serie A,Roma,0.9367493995196157,0.483205042096426,0.34708815230857476,Liverpool,1.2796208530805686,0.3503484648709738,0.9292723882095948,2016
Mohammed Salisu,1920,ESP-La Liga,Real Valladolid,0.06590992310508971,0.039412676974318044,0.005185545699385137,Southampton,0.0,0.26058772687986176,-0.26058772687986176,2019
Moise Kean,1819,ITA-Serie A,Juventus,1.0246679316888045,0.6509370276213146,0.06796040029690885,Everton,0.4597701149425288,0.19402852839549925,0.2657415865470295,2018
Molla Wagué,1617,ITA-Serie A,Udinese,0.0,0.045725667538742215,0.0024085499656697,Watford,0.2040816326530612,0.17907303370786515,0.025008598945196053,2016
Morgan Sanson,1920,FRA-Ligue 1,Marseille,0.36585365853658536,0.16987166110032456,0.14014517502268636,Aston Villa,0.0,0.29690872805767116,-0.29690872805767116,2019
Morgan Sanson,2021,FRA-Ligue 1,Marseille,0.5376344086021505,0.09556184012082315,0.323026799546775,Aston Villa,0.0,0.22527828494022026,-0.22527828494022026,2020
Moussa Diaby,2223,GER-Bundesliga,Bayer Leverkusen,0.5592105263157895,0.3117200988344848,0.2810041026187767,Aston Villa,0.5642633228840126,0.3634443339960239,0.20081898888798871,2022
Moussa Niakhate,2021,GER-Bundesliga,Mainz 05,0.12556679455877223,0.0514649359927096,0.0528476758427037,Nottingham Forest,0.0,0.1575310916628282,-0.1575310916628282,2020
N'Golo Kanté,1415,FRA-Ligue 1,Caen,0.19780219780219782,0.045053761060608426,0.07051169346825015,Leicester,0.14945200929923613,0.38566279535442527,-0.23621078605518914,2014
Nabil Bentaleb,1819,GER-Bundesliga,Schalke 04,0.15033407572383073,0.05167391805086112,0.06878172911087545,Newcastle United,0.0,0.18125747372395998,-0.18125747372395998,2018
Naby Keita,1718,GER-Bundesliga,RasenBallsport Leipzig,0.5025380710659898,0.15172897226314255,0.19023991222044234,Liverpool,0.19189765458422176,0.40823791930350806,-0.2163402647192863,2017
Naif Aguerd,2021,FRA-Ligue 1,Rennes,0.11435832274459976,0.09410410423335897,0.02012900946593194,West Ham,0.11249999999999999,0.1688197743018788,-0.05631977430187882,2020
Nampalys Mendy,1516,FRA-Ligue 1,Nice,0.07955215085444903,0.003597845919386352,0.008881533750029402,Leicester,0.0,0.23464750026424266,-0.23464750026424266,2015
Nampalys Mendy,1718,FRA-Ligue 1,Nice,0.09307135470527406,0.00218070839313094,0.004862215131089752,Leicester,0.0,0.2264475444295815,-0.2264475444295815,2017
Naouirou Ahamada,2223,GER-Bundesliga,VfB Stuttgart,0.25245441795231416,0.03874530896889294,0.06994907438577391,Crystal Palace,0.0,0.2926997245179064,-0.2926997245179064,2022
Neal Maupay,1516,FRA-Ligue 1,Saint-Etienne,0.5283757338551859,0.1614947472890354,0.2286002834358502,Brighton,0.4205607476635514,0.1562555362647486,0.2643052113988028,2015
Neto,2021,ESP-La Liga,Barcelona,0.0,0.0,0.0,Bournemouth,0.0,0.15967523680649526,-0.15967523680649526,2020
Nicolas Jackson,2223,ESP-La Liga,Villarreal,0.8905380333951763,0.476597675600941,0.2305967904323218,Chelsea,0.6068133427963095,0.318399159779995,0.2884141830163145,2022
Nicolas Pepe,1819,FRA-Ligue 1,Lille,0.8910891089108911,0.3680846572817579,0.28024346581941034,Arsenal,0.44532409698169223,0.23535979784326977,0.20996429913842246,2018
Nicolo Zaniolo,2223,ITA-Serie A,Roma,0.09933774834437087,0.40060083468179436,0.0889690617555814,Aston Villa,0.21951219512195122,0.3634443339960239,-0.14393213887407266,2022
Nicolás Domínguez,2223,ITA-Serie A,Bologna,0.19421665947345707,0.0820261986992922,0.1347121923846781,Nottingham Forest,0.23331173039533376,0.2865459838078777,-0.05323425341254395,2022
Nicolás Otamendi,1415,ESP-La Liga,Valencia,0.17408123791102514,0.09027525391681858,0.002356447780241817,Manchester City,0.03367003367003367,0.3711402420625608,-0.3374702083925271,2014
Nolito,1516,ESP-La Liga,Celta Vigo,0.6914678528103518,0.2621037943843787,0.26880158862386017,Manchester City,0.6870229007633588,0.3210133123630849,0.3660095884002739,2015
Nordin Amrabat,1415,ESP-La Liga,Malaga,0.4418262150220913,0.18014056830281538,0.1843073045003704,Watford,0.0,0.15888300433317284,-0.15888300433317284,2014
Nordin Amrabat,1516,ESP-La Liga,Malaga,0.08832188420019627,0.11708520617888064,0.22814273326068213,Watford,0.12735849056603774,0.18351577591757887,-0.05615728535154113,2015
Nuno Tavares,2223,FRA-Ligue 1,Marseille,0.22988505747126436,0.17069677715243278,0.12078844695940784,Nottingham Forest,0.0,0.2865459838078777,-0.2865459838078777,2022
Nyom,1415,ESP-La Liga,Granada,0.030100334448160536,0.021623831099042527,0.052864486722269385,Watford,0.03624647603705195,0.15888300433317284,-0.1226365282961209,2014
Nélson Semedo,1920,ESP-La Liga,Barcelona,0.12875536480686695,0.02895627434609274,0.09711853720151815,Wolverhampton Wanderers,0.06012024048096193,0.16829491680659442,-0.10817467632563249,2019
Odsonne Edouard,1617,FRA-Ligue 1,Toulouse,0.1624548736462094,0.25493487507266255,0.031767578842622705,Crystal Palace,0.34634414513468936,0.2131380478740846,0.13320609726060476,2016
Okay Yokuslu,1920,ESP-La Liga,Celta Vigo,0.09027081243731194,0.018613642981180636,0.052805140104477365,West Bromwich Albion,0.0677710843373494,0.1432682299638768,-0.07549714562652741,2019
Ola Aina,1920,ITA-Serie A,Torino,0.08678881388621022,0.01757850178958365,0.09798935714663658,Fulham,0.10063361908311592,0.1369087628683624,-0.036275143785246475,2019
Ola Aina,2223,ITA-Serie A,Torino,0.20761245674740486,0.08467085156783101,0.2153964527595827,Nottingham Forest,0.10404624277456648,0.2865459838078777,-0.18249974103331124,2022
Ola Toivonen,1415,FRA-Ligue 1,Rennes,0.29850746268656714,0.3067505857976737,0.10097885796272042,Sunderland,0.2694610778443114,0.1927733283665487,0.07668774947776269,2014
Oliver Burke,1617,GER-Bundesliga,RasenBallsport Leipzig,0.4545454545454546,0.3623600033196536,0.2373813798255993,West Bromwich Albion,0.5357142857142857,0.1628410260048959,0.3728732597093898,2016
Oliver Burke,1920,ESP-La Liga,Alaves,0.12875536480686695,0.1701762170287033,0.08429212635582864,Sheffield United,0.14150943396226415,0.08688936088047886,0.05462007308178529,2019
Ondrej Duda,1819,GER-Bundesliga,Hertha Berlin,0.555984555984556,0.23445022532637283,0.20800636198846298,Norwich,0.0,0.1360348364343038,-0.1360348364343038,2018
Orel Mangala,2021,GER-Bundesliga,VfB Stuttgart,0.17061611374407584,0.049494454566548225,0.07426559816057225,Nottingham Forest,0.11385199240986718,0.1575310916628282,-0.04367909925296101,2020
Orestis Karnezis,1617,ITA-Serie A,Udinese,0.0,0.0,0.0009448540971634226,Watford,0.0,0.17907303370786515,-0.17907303370786515,2016
Oriol Romeu,1415,GER-Bundesliga,VfB Stuttgart,0.0,0.019708517933839806,0.007456272100654814,Southampton,0.05632040050062578,0.31126161827220983,-0.25494121777158407,2014
Ozan Kabak,1920,GER-Bundesliga,Schalke 04,0.20350480497456191,0.08566784593732076,0.015436195894241873,Liverpool,0.0,0.2962865420068475,-0.2962865420068475,2019
Pablo Fornals,1819,ESP-La Liga,Villarreal,0.18101367658889783,0.1417884220648632,0.19569099748886262,West Ham,0.28767123287671237,0.2476439430418931,0.04002728983481926,2018
Pablo Hernández,1718,ESP-La Liga,Celta Vigo,0.24848150193263388,0.07296481525113015,0.0872320263306618,Leeds,0.4466501240694789,0.29273784950272097,0.15391227456675793,2017
Pablo Sarabia,2021,FRA-Ligue 1,Paris Saint Germain,0.6917755572636434,0.44598914316349264,0.4309055129557184,Wolverhampton Wanderers,0.11421319796954314,0.12137768863683518,-0.007164490667292037,2020
Pape Sarr,2021,FRA-Ligue 1,Metz,0.17002518891687657,0.04490284327774189,0.023196196648050612,Tottenham,0.44999999999999996,0.2896913911398481,0.16030860886015186,2020
Pape Souaré,1415,FRA-Ligue 1,Lille,0.0,0.005187269393549079,0.023742807107454546,Crystal Palace,0.02983095790520384,0.18311291963377416,-0.1532819617285703,2014
Papy Djilobodji,1516,GER-Bundesliga,Werder Bremen,0.21428571428571427,0.16979359289897342,0.061384365295193026,Sunderland,0.0,0.1031452947917993,-0.1031452947917993,2015
Pascal Groß,1617,GER-Bundesliga,Ingolstadt,0.29626920263350404,0.1120159607421506,0.2537136681135349,Brighton,0.45317220543806647,0.19615613235585494,0.2570160730822115,2016
Patrick Cutrone,1819,ITA-Serie A,AC Milan,0.31960227272727276,0.21033264953240924,0.11263661756608849,Wolverhampton Wanderers,0.6185567010309279,0.2617392537948645,0.35681744723606335,2018
Patrick Cutrone,1920,ITA-Serie A,Fiorentina,0.5415162454873647,0.4677277588241798,0.15866763667886008,Wolverhampton Wanderers,0.0,0.16829491680659442,-0.16829491680659442,2019
Patrick Roberts,1819,ESP-La Liga,Girona,0.0,0.13307455139699534,0.057654074805904114,Norwich,0.0,0.1360348364343038,-0.1360348364343038,2018
Pau Torres,2223,ESP-La Liga,Villarreal,0.029459901800327332,0.06241224370226142,0.0334554412897597,Aston Villa,0.0729631130928253,0.3634443339960239,-0.2904812209031986,2022
Paul Pogba,1516,ITA-Serie A,Juventus,0.5966191581040768,0.21838765217866135,0.21181699693607975,Manchester United,0.3108211818879509,0.2630526412946497,0.047768540593301156,2015
Pedro,1415,ESP-La Liga,Barcelona,0.7091267235718977,0.46129551777910893,0.38020144047329324,Chelsea,0.39301310043668125,0.2633222656892074,0.12969083474747384,2014
Pedro Obiang,1415,ITA-Serie A,Sampdoria,0.12987012987012986,0.12766595497461303,0.08724551324357653,West Ham,0.08419083255378858,0.28154914596759056,-0.197358313413802,2014
Pedro Porro,1920,ESP-La Liga,Real Valladolid,0.0,0.0018124596283308552,0.01860444040309061,Tottenham,0.4679376083188908,0.2896913911398481,0.1782462171790427,2019
Philippe Coutinho,2021,ESP-La Liga,Barcelona,0.5397301349325337,0.5788570796062742,0.09172825435961204,Aston Villa,0.12,0.22527828494022026,-0.10527828494022026,2020
Pierre-Emerick Aubameyang,1617,GER-Bundesliga,Borussia Dortmund,1.066427289048474,0.9085278359761788,0.1454723231641566,Arsenal,1.1931818181818183,0.38859686762497314,0.8045849505568452,2016
Pierre-Emerick Aubameyang,1718,GER-Bundesliga,Borussia Dortmund,1.0133708655876144,0.8627988850562862,0.16202206726669005,Arsenal,0.8868613138686132,0.32469753988741334,0.5621637739811999,2017
Pierre-Emile Højbjerg,1516,GER-Bundesliga,Schalke 04,0.07075471698113207,0.08156866803853158,0.017357037516908265,Southampton,0.0,0.2131782945736434,-0.2131782945736434,2015
Pontus Jansson,1516,ITA-Serie A,Torino,0.14634146341463417,0.0487976346800967,0.006598697566404571,Brentford,0.12430939226519337,0.3086011732628274,-0.184291780997634,2015
Rachid Ghezzal,1718,FRA-Ligue 1,Monaco,0.45454545454545453,0.2140870007093657,0.2617142612791874,Leicester,0.12311901504787963,0.2264475444295815,-0.10332852938170188,2017
Ragnar Klavan,1516,GER-Bundesliga,Augsburg,0.0,0.021278935417420642,0.01342553563167384,Liverpool,0.0,0.40330263575738334,-0.40330263575738334,2015
Ralf Fährmann,1819,GER-Bundesliga,Schalke 04,0.0,0.0,0.0,Norwich,0.0,0.1360348364343038,-0.1360348364343038,2018
Raphael Varane,2021,ESP-La Liga,Real Madrid,0.06622516556291391,0.09033231329888303,0.005641596727936669,Manchester United,0.0,0.25831771321462044,-0.25831771321462044,2020
Raphinha,1920,FRA-Ligue 1,Rennes,0.42303172737955347,0.24272704219005642,0.25056870121806507,Leeds,0.5698607007176023,0.29273784950272097,0.27712285121488134,2019
Rasmus Højlund,2223,ITA-Serie A,Atalanta,0.5362946912242686,0.5015571605321322,0.09266282506448541,Manchester United,0.48868778280542985,0.2547634991173069,0.23392428368812296,2022
Rayan Ait Nouri,1920,FRA-Ligue 1,Angers,0.13921113689095127,0.016549517705241375,0.044640423470714806,Wolverhampton Wanderers,0.1272984441301273,0.16829491680659442,-0.04099647267646711,2019
Raúl Jiménez,1415,ESP-La Liga,Atletico Madrid,0.48387096774193544,0.44164468233864146,0.3392082176381542,Wolverhampton Wanderers,0.5727012408526885,0.2792520617294031,0.2934491791232854,2014
Reiss Nelson,1819,GER-Bundesliga,Hoffenheim,1.0310965630114566,0.474730435417395,0.12279081452522067,Arsenal,0.14492753623188406,0.23535979784326977,-0.0904322616113857,2018
Remo Freuler,2021,ITA-Serie A,Atalanta,0.16507703595011006,0.06638662487826012,0.13052671730944715,Nottingham Forest,0.0,0.1575310916628282,-0.1575310916628282,2020
Renan Lodi,2021,ESP-La Liga,Atletico Madrid,0.24324324324324323,0.05851713245784914,0.15258767923994643,Nottingham Forest,0.04025044722719141,0.1575310916628282,-0.11728064443563678,2020
Renato Sanches,1617,GER-Bundesliga,Bayern Munich,0.0,0.03716114614195272,0.01826113205196802,Swansea,0.0,0.14756911344137272,-0.14756911344137272,2016
Ricardo Pereira,1617,FRA-Ligue 1,Nice,0.26226323457989315,0.06549396673819,0.15028763833831618,Leicester,0.23010546500479387,0.2264475444295815,0.003657920575212359,2016
Roberto Firmino,1415,GER-Bundesliga,Hoffenheim,0.5237932214994865,0.2810648824631892,0.27729805408747726,Liverpool,0.7630922693266833,0.2962209389306125,0.46687133039607076,2014
Roberto Jiménez,1718,ESP-La Liga,Malaga,0.0,0.002022008904639412,0.0011322441072586676,West Ham,0.0,0.2476439430418931,-0.2476439430418931,2017
Roberto Pereyra,1516,ITA-Serie A,Juventus,0.11264080100125155,0.06912433604088533,0.26096482187724007,Watford,0.3448275862068966,0.18351577591757887,0.1613118102893177,2015
Robin Koch,1920,GER-Bundesliga,Freiburg,0.03323485967503693,0.139568294835259,0.0427821980159251,Leeds,0.0,0.29273784950272097,-0.29273784950272097,2019
Robin Olsen,1920,ITA-Serie A,Cagliari,0.0,0.0,0.0,Everton,0.0,0.20810118119010476,-0.20810118119010476,2019
Rodri,1819,ESP-La Liga,Atletico Madrid,0.1309090909090909,0.09181762338361957,0.04832843204790895,Manchester City,0.18086816720257234,0.4442637707250501,-0.2633956035224777,2018
Rodrigo,1920,ESP-La Liga,Valencia,0.5177824267782427,0.3403709795536419,0.2729509578857992,Leeds,0.6303501945525292,0.29273784950272097,0.3376123450498082,2019
Rodrigo Bentancur,2021,ITA-Serie A,Juventus,0.15384615384615385,0.02268692274362995,0.10301956992882949,Tottenham,0.4155672823218997,0.2896913911398481,0.1258758911820516,2020
Romain Faivre,2223,FRA-Ligue 1,Lorient,0.5263157894736842,0.16992099141996156,0.1588467917029272,Bournemouth,0.0,0.26250972258231786,-0.26250972258231786,2022
Romain Perraud,2021,FRA-Ligue 1,Brest,0.2866242038216561,0.07776569502701046,0.08966430207228016,Southampton,0.19543973941368079,0.17380204241948155,0.021637696994199235,2020
Romain Saiss,1516,FRA-Ligue 1,Angers,0.11556982343499196,0.07115897177202839,0.03493884875234306,Wolverhampton Wanderers,0.1588702559576346,0.2792520617294031,-0.12038180577176849,2015
Ron-Robert Zieler,1516,GER-Bundesliga,Hannover 96,0.0,0.0,0.0,Leicester,0.0,0.23464750026424266,-0.23464750026424266,2015
Roque Mesa,1617,ESP-La Liga,Las Palmas,0.08884501480750247,0.029200059908781446,0.06010198554709951,Swansea,0.0,0.14756911344137272,-0.14756911344137272,2016
Ross Barkley,2223,FRA-Ligue 1,Nice,0.5934065934065934,0.4550794312771369,0.24903501527240643,Luton,0.3083365055196041,0.23822451472784037,0.07011199079176375,2022
Ryan Babel,1617,ESP-La Liga,Deportivo La Coruna,0.8122743682310469,0.1992647291668808,0.037790708250571244,Fulham,0.5642633228840126,0.1501273009276872,0.4141360219563254,2016
Ryan Gravenberch,2223,GER-Bundesliga,Bayern Munich,0.0,0.13239224234585292,0.06223273539537496,Liverpool,0.08064516129032258,0.3963987304877259,-0.3157535691974033,2022
Ryan Sessegnon,2021,GER-Bundesliga,Hoffenheim,0.2871729419272495,0.044995808347479585,0.09167552585092485,Tottenham,0.2222222222222222,0.2896913911398481,-0.06746916891762589,2020
Rúnar Alex Rúnarsson,1920,FRA-Ligue 1,Dijon,0.0,0.0,0.0,Arsenal,0.0,0.2523936320888335,-0.2523936320888335,2019
Samir Nasri,1617,ESP-La Liga,Sevilla,0.24350649350649348,0.13910568893778247,0.19313546998256984,West Ham,0.7377049180327868,0.2535646796083147,0.4841402384244721,2016
Sandro Ramírez,1617,ESP-La Liga,Malaga,0.6591986212839294,0.242527087842215,0.11627051951616477,Everton,0.0,0.17062133072407043,-0.17062133072407043,2016
Sandro Tonali,2223,ITA-Serie A,AC Milan,0.2977941176470588,0.07758753023945783,0.2230082354919218,Newcastle United,0.20642201834862386,0.3429423459244533,-0.1365203275758294,2022
Santiago Bueno,2223,ESP-La Liga,Girona,0.02983095790520384,0.023289666633668975,0.029014985479616957,Wolverhampton Wanderers,0.0,0.24482109227871937,-0.24482109227871937,2022
Sasa Kalajdzic,2021,GER-Bundesliga,VfB Stuttgart,0.880708294501398,0.47131500222511025,0.13574703928961557,Wolverhampton Wanderers,0.0,0.12137768863683518,-0.12137768863683518,2020
Sasa Lukic,2021,ITA-Serie A,Torino,0.1275992438563327,0.08288995288875804,0.053843873912127006,Fulham,0.0,0.2651004329618851,-0.2651004329618851,2020
Sasa Lukic,2223,ITA-Serie A,Torino,0.1507537688442211,0.08970948844099763,0.10095774233528416,Fulham,0.08130081300813008,0.2523128679562658,-0.1710120549481357,2022
Sead Kolasinac,1617,GER-Bundesliga,Schalke 04,0.3474903474903475,0.1046629945979486,0.12349299577686892,Arsenal,0.25069637883008355,0.38859686762497314,-0.1379004887948896,2016
Sebastian Prödl,1415,GER-Bundesliga,Werder Bremen,0.2067777139574957,0.11622291571839934,0.05926436259443906,Watford,0.10146561443066515,0.15888300433317284,-0.05741738990250769,2014
Serge Aurier,1617,FRA-Ligue 1,Paris Saint Germain,0.14754098360655737,0.17135050443962951,0.15239552409983562,Tottenham,0.25139664804469275,0.35185783521809366,-0.10046118717340091,2016
Sergio Gómez,2021,ESP-La Liga,SD Huesca,0.12195121951219513,0.08941586708604564,0.10894962041298065,Manchester City,0.27607361963190186,0.42159503454737085,-0.145521414915469,2020
Sergio Reguilón,1920,ESP-La Liga,Sevilla,0.2151394422310757,0.08820638672051677,0.14684525422336334,Tottenham,0.1195748449955713,0.3576364892881825,-0.23806164429261117,2019
Sergio Rico,1718,ESP-La Liga,Sevilla,0.0,0.0,0.0,Fulham,0.0,0.1501273009276872,-0.1501273009276872,2017
Sergio Romero,1415,ITA-Serie A,Sampdoria,0.0,0.0,0.0,Manchester United,0.0,0.23960612691466082,-0.23960612691466082,2014
Seydou Doumbia,1415,ITA-Serie A,Roma,0.3339517625231911,0.14769112034692172,0.019163839131980734,Newcastle United,0.0,0.2490863286378313,-0.2490863286378313,2014
Shinji Okazaki,1415,GER-Bundesliga,Mainz 05,0.48439181916038754,0.3175254497352278,0.10571026985119504,Leicester,0.21377672209026127,0.38566279535442527,-0.171886073264164,2014
Shkodran Mustafi,1516,ESP-La Liga,Valencia,0.06711409395973154,0.05160039222030432,0.04013527528501597,Arsenal,0.158311345646438,0.3653666977239452,-0.2070553520775072,2015
Simone Zaza,1516,ITA-Serie A,Juventus,0.6998444790046656,0.3424540612829232,0.046251154248349205,West Ham,0.0,0.22743920304717255,-0.22743920304717255,2015
Sofiane Boufal,1516,FRA-Ligue 1,Lille,0.5742237345810293,0.12651871339988827,0.3189187098384816,Southampton,0.08256880733944955,0.2131782945736434,-0.13060948723419386,2015
Sofiane Boufal,1819,ESP-La Liga,Celta Vigo,0.2554399243140965,0.14947665331915175,0.154379251718789,Southampton,0.24128686327077745,0.24127877752086058,8.085749916869611e-06,2018
Sofiane Feghouli,1516,ESP-La Liga,Valencia,0.14365522745411013,0.20240965289645735,0.21685364291202708,West Ham,0.5222437137330754,0.22743920304717255,0.29480451068590285,2015
Sofyan Amrabat,2223,ITA-Serie A,Fiorentina,0.044642857142857144,0.017816472557439865,0.03613007737190596,Manchester United,0.0,0.2547634991173069,-0.2547634991173069,2022
Sokratis,1718,GER-Bundesliga,Borussia Dortmund,0.07575757575757576,0.044765932570126926,0.00836031066931107,Arsenal,0.12283894449499545,0.32469753988741334,-0.2018585953924179,2017
Son Heung-Min,1415,GER-Bundesliga,Bayer Leverkusen,0.5075921908893709,0.20835966215248738,0.10675964868928502,Tottenham,0.4054054054054054,0.38487428232033266,0.02053112308507271,2014
Stefan Ortega Moreno,2021,GER-Bundesliga,Arminia Bielefeld,0.029411764705882353,0.0,0.007527943974470391,Manchester City,0.0,0.42159503454737085,-0.42159503454737085,2020
Stefano Okaka,1415,ITA-Serie A,Sampdoria,0.22651006711409397,0.3037773620301308,0.09961952716299652,Watford,0.38257173219978746,0.18351577591757887,0.1990559562822086,2014
Stephan Lichtsteiner,1718,ITA-Serie A,Juventus,0.10404624277456648,0.003108698901628824,0.04065025806685404,Arsenal,0.0,0.32469753988741334,-0.32469753988741334,2017
Steve Mandanda,1516,FRA-Ligue 1,Marseille,0.0,0.0,0.0,Crystal Palace,0.0,0.22624309392265193,-0.22624309392265193,2015
Steve Mounie,1617,FRA-Ligue 1,Montpellier,0.5389221556886228,0.36851518466286604,0.0913909016824621,Huddersfield,0.38918918918918916,0.1310854604376798,0.25810372875150933,2016
Sven Botman,2021,FRA-Ligue 1,Lille,0.0,0.021920754270174106,0.006850995188081094,Newcastle United,0.0,0.3000851305334847,-0.3000851305334847,2020
Sébastien Haller,1819,GER-Bundesliga,Eintracht Frankfurt,0.9926470588235294,0.4723984111264786,0.30465346425497797,West Ham,0.3202846975088968,0.2476439430418931,0.07264075446700372,2018
Taiwo Awoniyi,2021,GER-Bundesliga,Union Berlin,0.4578488372093023,0.4260919239848505,0.0830012709470899,Nottingham Forest,0.6942496493688639,0.1575310916628282,0.5367185577060357,2020
Takehiro Tomiyasu,2021,ITA-Serie A,Bologna,0.0661521499448732,0.07560152997896322,0.014232555558327932,Arsenal,0.14240506329113925,0.4334823396083863,-0.291077276317247,2020
Tanguy NDombele Alvaro,1819,FRA-Ligue 1,Lyon,0.2674591381872214,0.06401750525144133,0.12447960532919392,Tottenham,0.3592814371257485,0.2632424787863204,0.0960389583394281,2018
Thiago Alcántara,1920,GER-Bundesliga,Bayern Munich,0.15228426395939088,0.1311088757126162,0.05568271285386255,Liverpool,0.0482573726541555,0.2962865420068475,-0.248029169352692,2019
Thiago Silva,1920,FRA-Ligue 1,Paris Saint Germain,0.0,0.012642043404290532,0.0,Chelsea,0.09287925696594426,0.2515188335358445,-0.15863957656990021,2019
Thilo Kehrer,2021,FRA-Ligue 1,Paris Saint Germain,0.0,0.0225423665221081,0.03238631633162053,West Ham,0.0807899461400359,0.1688197743018788,-0.0880298281618429,2020
Thomas Partey,1920,ESP-La Liga,Atletico Madrid,0.10613207547169812,0.06940247762271749,0.03693991222084975,Arsenal,0.11665586519766688,0.2523936320888335,-0.1357377668911666,2019
Thomas Strakosha,2021,ITA-Serie A,Lazio,0.0,0.0,0.0,Brentford,0.0,0.24097102397810435,-0.24097102397810435,2020
Tiemoué Bakayoko,1617,FRA-Ligue 1,Monaco,0.12162162162162161,0.07954895345343126,0.04206499480013106,Chelsea,0.16997167138810196,0.2718401486988848,-0.10186847731078283,2016
Timm Klose,1415,GER-Bundesliga,Wolfsburg,0.09384775808133473,0.02580541161756197,0.005530889444169708,Norwich,0.10600706713780919,0.1795966951407366,-0.0735896280029274,2014
Timm Klose,1516,GER-Bundesliga,Wolfsburg,0.14218009478672985,0.037361900255931495,0.002726260749225924,Norwich,0.0,0.1360348364343038,-0.1360348364343038,2015
Timo Werner,1920,GER-Bundesliga,RasenBallsport Leipzig,1.1469026548672567,0.6746094274046147,0.3082609669165274,Chelsea,0.48368522072936665,0.2515188335358445,0.23216638719352217,2019
Timo Werner,2223,GER-Bundesliga,RasenBallsport Leipzig,0.549618320610687,0.445334940636886,0.13148644651847943,Tottenham,0.5441354292623942,0.37565070581062704,0.16848472345176718,2022
Timothy Castagne,1920,ITA-Serie A,Atalanta,0.1532349602724177,0.10092127228855542,0.1363041392283326,Leicester,0.19157088122605362,0.3095599393019727,-0.11798905807591906,2019
Tomer Hemed,1415,ESP-La Liga,Almeria,0.46272493573264784,0.3257507089032267,0.09199859818639976,Brighton,0.42402826855123676,0.19615613235585494,0.22787213619538182,2014
Trevoh Chalobah,2021,FRA-Ligue 1,Lorient,0.16078606520768202,0.09448310138192652,0.02999762788601303,Chelsea,0.0,0.16481082198659067,-0.16481082198659067,2020
Tyler Adams,2021,GER-Bundesliga,RasenBallsport Leipzig,0.09719222462203023,0.06735254976230616,0.04312093503427235,Leeds,0.0,0.20178776882909993,-0.20178776882909993,2020
Uwe Hünemeier,1415,GER-Bundesliga,Paderborn,0.1278409090909091,0.05983707932914099,0.039056938023184724,Brighton,0.0,0.19615613235585494,-0.19615613235585494,2014
Valentino Lazaro,1819,GER-Bundesliga,Hertha Berlin,0.2952971199416697,0.07128172295016612,0.21792958229114723,Newcastle United,0.19780219780219782,0.18125747372395998,0.016544724078237844,2018
Valon Behrami,1415,GER-Bundesliga,Hamburger SV,0.0,0.018423018476125777,0.011344848210405432,Watford,0.07009345794392523,0.15888300433317284,-0.08878954638924762,2014
Vicente Guaita,1718,ESP-La Liga,Getafe,0.0,0.0,0.004459151715943306,Crystal Palace,0.0,0.25731889018644544,-0.25731889018644544,2017
Vicente Iborra,1617,ESP-La Liga,Sevilla,0.5578512396694215,0.3417521736138185,0.12238112035830898,Leicester,0.1896067415730337,0.2708592777085928,-0.0812525361355591,2016
Vinicius Souza,2223,ESP-La Liga,Espanyol,0.07404360345536816,0.03413064152091214,0.017942085330413228,Sheffield United,0.033632286995515695,0.10514018691588785,-0.07150789992037215,2022
Víctor Camarasa,1718,ESP-La Liga,Real Betis,0.07182761372705507,0.10233163840307631,0.09166428992481633,Cardiff,0.3108211818879509,0.14433934474519688,0.166481837142754,2017
Víctor Ibarbo,1415,ITA-Serie A,Cagliari,0.27607361963190186,0.27398858162248796,0.2696638626783538,Watford,0.0,0.15888300433317284,-0.15888300433317284,2014
Wahbi Khazri,1415,FRA-Ligue 1,Bordeaux,0.5260960334029228,0.2234161868924761,0.17958979788459917,Sunderland,0.24839006439742412,0.1927733283665487,0.05561673603087541,2014
Wahbi Khazri,1516,FRA-Ligue 1,Bordeaux,0.6712243629583593,0.25543828598455737,0.2712565863527001,Sunderland,0.1092233009708738,0.1031452947917993,0.006078006179074488,2015
Wataru Endo,2223,GER-Bundesliga,VfB Stuttgart,0.27654489586889724,0.15866291356301931,0.13636375276626844,Liverpool,0.05238649592549476,0.3963987304877259,-0.3440122345622311,2022
Wesley Fofana,1920,FRA-Ligue 1,Saint-Etienne,0.0741962077493817,0.06123671300481983,0.0026765093898365342,Leicester,0.0,0.3095599393019727,-0.3095599393019727,2019
Wesley Hoedt,1617,ITA-Serie A,Lazio,0.09574468085106383,0.061005068819058386,0.006984560017256026,Southampton,0.03571428571428571,0.19229894985679866,-0.15658466414251293,2016
Weston McKennie,2021,ITA-Serie A,Juventus,0.3741092636579572,0.27787105629393155,0.2072159499936514,Leeds,0.06206896551724138,0.20178776882909993,-0.13971880331185854,2020
William Saliba,2021,FRA-Ligue 1,Nice,0.05,0.03870440078899264,0.00199285503476858,Arsenal,0.11166253101736973,0.4334823396083863,-0.32181980859101655,2020
Willian José,1920,ESP-La Liga,Real Sociedad,0.5317577548005908,0.5190936055590167,0.0727866417515137,Wolverhampton Wanderers,0.08014247551202137,0.16829491680659442,-0.08815244129457304,2019
Wilson Odobert,2223,FRA-Ligue 1,Troyes,0.3078677309007982,0.15076316619119867,0.09198938869683236,Burnley,0.20930232558139533,0.18817715263257934,0.021125172948815996,2022
Wout Faes,2021,FRA-Ligue 1,Reims,0.031002411298656565,0.04795128944298799,0.0016187971038856123,Leicester,0.0967741935483871,0.24627911633184274,-0.14950492278345565,2020
Wout Weghorst,2021,GER-Bundesliga,Wolfsburg,0.8530805687203792,0.4886037889696511,0.1653547529900445,Manchester United,0.11278195488721804,0.25831771321462044,-0.1455357583274024,2020
Xherdan Shaqiri,1415,ITA-Serie A,Inter,0.36535859269282817,0.09677405271260762,0.26699176196800356,Stoke,0.3909266409266409,0.21316134674245737,0.17776529418418355,2014
Yasser Larouci,2223,FRA-Ligue 1,Troyes,0.09911894273127754,0.02516860872638383,0.055964767516463475,Sheffield United,0.0,0.10514018691588785,-0.10514018691588785,2022
Yoane Wissa,2021,FRA-Ligue 1,Lorient,0.46787968808020797,0.31993070162896364,0.11948795737736714,Brentford,0.5685407454200885,0.3086011732628274,0.2599395721572611,2020
Yohan Benalouane,1415,ITA-Serie A,Atalanta,0.04111466423024212,0.028018491455834987,0.003176473724400955,Leicester,0.0,0.38566279535442527,-0.38566279535442527,2014
Yohan Cabaye,1415,FRA-Ligue 1,Paris Saint Germain,0.18652849740932645,0.10024207677943102,0.10247850604355337,Crystal Palace,0.19794721407624635,0.18311291963377416,0.014834294442472196,2014
Yoshinori Muto,1718,GER-Bundesliga,Mainz 05,0.47095761381475665,0.2271520642905819,0.08178619821402397,Newcastle United,0.17578125,0.21649586450060962,-0.04071461450060962,2017
Youri Tielemans,1718,FRA-Ligue 1,Monaco,0.05772931366260423,0.06987234507045201,0.0706565516300122,Leicester,0.5737704918032788,0.2264475444295815,0.3473229473736973,2017
Youri Tielemans,1819,FRA-Ligue 1,Monaco,0.32028469750889677,0.0979868373154162,0.10826177437693622,Leicester,0.2843102843102843,0.34614151917666747,-0.061831234866383145,2018
Yves Bissouma,1718,FRA-Ligue 1,Lille,0.17352185089974295,0.11872481329696957,0.0437334416898633,Brighton,0.0,0.1654225589857084,-0.1654225589857084,2017
Zack Steffen,1920,GER-Bundesliga,Fortuna Duesseldorf,0.0,0.0,0.0022009118076633002,Manchester City,0.0,0.402430282964126,-0.402430282964126,2019
Zanka,1920,GER-Bundesliga,Fortuna Duesseldorf,0.18404907975460122,0.0,0.013473459913686736,Brentford,0.0,0.3086011732628274,-0.3086011732628274,2019
Zlatan Ibrahimovic,1516,FRA-Ligue 1,Paris Saint Germain,1.7978848413631021,0.8392147064103923,0.32073730489044294,Manchester United,0.813141683778234,0.2630526412946497,0.5500890424835843,2015
Álex Moreno,2021,ESP-La Liga,Real Betis,0.10072747621712368,0.052949569214637816,0.13998977532459161,Aston Villa,0.20059435364041606,0.22527828494022026,-0.0246839312998042,2020
Álex Moreno,2223,ESP-La Liga,Real Betis,0.2,0.10262445223828157,0.11517178391416866,Aston Villa,0.17424975798644723,0.3634443339960239,-0.18919457600957665,2022
Álvaro Morata,1617,ESP-La Liga,Real Madrid,1.2895927601809956,0.6460042246006329,0.2604252364638165,Chelsea,0.7394876752054133,0.2718401486988848,0.46764752650652847,2016
Álvaro Negredo,1516,ESP-La Liga,Valencia,0.5502183406113538,0.5308376723640156,0.24091401670176912,Middlesbrough,0.40470425458318926,0.1446080263059562,0.26009622827723305,2015
Ørjan Nyland,1617,GER-Bundesliga,Ingolstadt,0.0,0.0,0.0,Aston Villa,0.0,0.19203614798079638,-0.19203614798079638,2016
