Name,Origin_Season,Origin_League,Origin_Team,Pre_PL_G_A,Pre_PL_npxG,Pre_PL_xA,PL_Debut_Season,PL_Team,PL_Performance,Season_Control
Aaron Hickey,2021,ITA-Serie A,Bologna,0.0,0.0045732924272123806,0.005498906213294119,2223.0,Brentford,0.045965270684371805,2020
Aaron Ramsey,2223,FRA-Ligue 1,Nice,0.11385199240986718,0.17796564893178515,0.11854156570781227,2324.0,Burnley,0.0,2022
Abdoulaye Doucouré,1516,FRA-Ligue 1,Rennes,0.38338658146964855,0.1979144271939231,0.14449210498279658,1617.0,Watford,0.06671608598962195,2015
Abdul Rahman Baba,1415,GER-Bundesliga,Augsburg,0.13493253373313344,0.009910743742918726,0.11148363313424042,1516.0,Chelsea,0.08840864440078584,2014
Adam Masina,1718,ITA-Serie A,Bologna,0.03160112359550562,0.06474099576857799,0.05598947983313603,1819.0,Watford,0.08964143426294821,2017
Adama Diakhaby,1718,FRA-Ligue 1,Monaco,0.5294117647058824,0.2056390386732186,0.0956898746683317,1819.0,Huddersfield,0.0,2017
Adama Traoré,1415,FRA-Ligue 1,Lille,0.1749271137026239,0.07558956725995325,0.0709106849707424,1516.0,Aston Villa,0.5389221556886228,2014
Adama Traoré,1920,FRA-Ligue 1,Metz,0.43186180422264875,0.11762172350170173,0.19663885797082578,2021.0,Wolverhampton Wanderers,0.13688212927756654,2019
Ademola Lookman,1718,GER-Bundesliga,RasenBallsport Leipzig,1.2435233160621761,0.44733912756405964,0.4369497328147369,1819.0,Everton,0.31304347826086953,2017
Adrián,1415,ESP-La Liga,Elche,0.047021943573667714,0.1031936878677119,0.03885527550123142,1516.0,West Ham,0.0,2014
Adrián,1516,ESP-La Liga,Villarreal,0.9171974522292995,0.3556728930610001,0.18614165646255398,1617.0,West Ham,0.0,2015
Adrián,1617,ESP-La Liga,Villarreal,0.39823008849557523,0.29658394000303434,0.07432084497624794,1718.0,West Ham,0.0,2016
Adrián,1718,ESP-La Liga,Malaga,0.11543394613082515,0.1207295636431039,0.04654199700418728,1920.0,Liverpool,0.0,2017
Adrián,1920,ESP-La Liga,Osasuna,0.12203389830508474,0.14210849258480435,0.15104952035313948,2021.0,Liverpool,0.0,2019
Alberto Paloschi,1415,ITA-Serie A,Chievo,0.408781226343679,0.31211478025832246,0.07331328378407952,1516.0,Swansea,0.26666666666666666,2014
Aleksandar Dragovic,1617,GER-Bundesliga,Bayer Leverkusen,0.07171314741035857,0.026974061333325753,0.034552706086421865,1718.0,Leicester,0.0,2016
Alessandro Diamanti,1415,ITA-Serie A,Fiorentina,0.2643171806167401,0.31917243145635993,0.07279148431995366,1516.0,Watford,0.0,2014
Alex Telles,1516,ITA-Serie A,Inter,0.056962025316455694,0.019557032763627885,0.12214781954601595,2021.0,Manchester United,0.25862068965517243,2015
Alexander Isak,2021,ESP-La Liga,Real Sociedad,0.6781079949769778,0.5923804424331995,0.0693747529806004,2223.0,Newcastle United,0.6470588235294118,2020
Alexandre Lacazette,1617,FRA-Ligue 1,Lyon,1.1548013245033113,0.4974197141289563,0.24803273119217414,1718.0,Arsenal,0.7248322147651007,2016
Alfred N'Diaye,1516,ESP-La Liga,Real Betis,0.059800664451827246,0.07361272255274347,0.009793151343284652,1617.0,Hull,0.06998444790046655,2015
Alisson,1718,ITA-Serie A,Roma,0.0,0.0,0.00017244351171963784,1819.0,Liverpool,0.0,2017
Allan,1920,ITA-Serie A,Napoli,0.2097902097902098,0.03997895834068735,0.07326063758635021,2021.0,Everton,0.0,2019
Allan Saint-Maximin,1819,FRA-Ligue 1,Nice,0.2766393442622951,0.1823233118563219,0.2042275587226585,1920.0,Newcastle United,0.3322784810126582,2018
Andrea Ranocchia,1516,ITA-Serie A,Inter,0.0,0.05560240809311661,0.012613640251233176,1617.0,Hull,0.2706766917293233,2015
Andreas Christensen,1617,GER-Bundesliga,Borussia M.Gladbach,0.06467840459935321,0.05289238363911341,0.014527461327882796,1718.0,Chelsea,0.0,2016
Andreas Pereira,1718,ESP-La Liga,Valencia,0.33519553072625696,0.08012027125909675,0.1634639730500109,1819.0,Manchester United,0.30354131534569984,2017
Andreas Pereira,2021,ITA-Serie A,Lazio,0.5443548387096774,0.13923797827784815,0.2390841800426584,2223.0,Fulham,0.325497287522604,2020
Andriy Yarmolenko,1718,GER-Bundesliga,Borussia Dortmund,0.4314477468839885,0.4351871548183012,0.27586659196896385,1819.0,West Ham,0.39647577092511016,2017
André Ayew,1415,FRA-Ligue 1,Marseille,0.45112781954887216,0.3606001557992365,0.12012294619659282,1516.0,Swansea,0.4246713852376137,2014
André Gomes,1718,ESP-La Liga,Barcelona,0.0,0.10729591654879707,0.02329831517168453,1819.0,Everton,0.08995502248875561,2017
André Gomes,2223,FRA-Ligue 1,Lille,0.27658266748617083,0.057620491383719746,0.05537707711207624,2324.0,Everton,0.18907563025210083,2022
André Onana,2223,ITA-Serie A,Inter,0.0,0.0,0.0040817488916218255,2324.0,Manchester United,0.0,2022
André Schürrle,1718,GER-Bundesliga,Borussia Dortmund,0.3643724696356275,0.20776132880314163,0.2545364505426604,1819.0,Fulham,0.32335329341317365,2017
Angelo Ogbonna,1415,ITA-Serie A,Juventus,0.0,0.04785257262695641,0.006065510908137468,1516.0,West Ham,0.0,2014
Anssumane Fati,2223,ESP-La Liga,Barcelona,0.6706408345752608,0.7058608803020904,0.11366825643788063,2324.0,Brighton,0.39473684210526316,2022
Anthony Martial,1415,FRA-Ligue 1,Monaco,0.593732820230896,0.46135517705586204,0.11852374635206728,1516.0,Manchester United,0.5129179331306991,2014
Antonio Barragán,1516,ESP-La Liga,Valencia,0.0,0.0,0.018561657155905305,1617.0,Middlesbrough,0.0,2015
Antonio Barreca,1718,ITA-Serie A,Torino,0.0,0.003589546006969998,0.011132784130856974,1819.0,Newcastle United,0.0,2017
Antonio Rüdiger,1617,ITA-Serie A,Roma,0.08155867693701858,0.029552497727586287,0.03769245249774995,1718.0,Chelsea,0.11553273427471118,2016
Anwar El Ghazi,1718,FRA-Ligue 1,Lille,0.43902439024390244,0.23492088737306982,0.1689453250331032,1920.0,Aston Villa,0.345821325648415,2017
Arnaut Danjuma Groeneveld,2223,ESP-La Liga,Villarreal,0.37815126050420167,0.42712489573457163,0.06604090309506203,2324.0,Everton,0.15734265734265734,2022
Ashley Young,2021,ITA-Serie A,Inter,0.313588850174216,0.09567706953435617,0.13408279595474748,2223.0,Aston Villa,0.04403131115459882,2020
Axel Disasi,2223,FRA-Ligue 1,Monaco,0.1622108741363773,0.07157494357657544,0.029549869020785897,2324.0,Chelsea,0.06960556844547564,2022
Aymeric Laporte,1617,ESP-La Liga,Athletic Club,0.06282722513089005,0.06927033883387818,0.019188215078405686,1718.0,Manchester City,0.0,2016
Aymeric Laporte,1718,ESP-La Liga,Athletic Club,0.05263157894736842,0.03191423671025979,0.05461742611307847,1819.0,Manchester City,0.17652827721477607,2017
Bastian Schweinsteiger,1415,GER-Bundesliga,Bayern Munich,0.5951506245407788,0.14379587387125514,0.1467432088268583,1516.0,Manchester United,0.0750625521267723,2014
Benjamin Mendy,1617,FRA-Ligue 1,Monaco,0.2185526954832443,0.023970763027602867,0.1686077550209194,1718.0,Manchester City,0.25210084033613445,2016
Benoit Badiashile Mukinayi,2021,FRA-Ligue 1,Monaco,0.09394572025052192,0.08767701989712509,0.02368763983560753,2223.0,Chelsea,0.09988901220865705,2020
Benoit Badiashile Mukinayi,2223,FRA-Ligue 1,Monaco,0.21634615384615385,0.06039121300161172,0.05900863056572585,2324.0,Chelsea,0.06726457399103139,2022
Bernardo,1516,ESP-La Liga,Sporting Gijon,0.06736526946107785,0.06514059942951816,0.04824243218242051,1617.0,Middlesbrough,0.0,2015
Bernardo,1718,GER-Bundesliga,RasenBallsport Leipzig,0.1334321719792439,0.028463183778626017,0.043700817168819364,1819.0,Brighton,0.05172413793103449,2017
Bernardo,1819,ESP-La Liga,Girona,0.06588579795021962,0.05239494341271514,0.03167984827174798,1920.0,Brighton,0.0,2018
Bernardo,1920,ESP-La Liga,Espanyol,0.1193633952254642,0.10209116938990845,0.02586617507534571,2021.0,Brighton,0.0,2019
Bernardo Silva,1617,FRA-Ligue 1,Monaco,0.5408271474019088,0.18157963811845568,0.23568951203818664,1718.0,Manchester City,0.6,2016
Bernd Leno,1718,GER-Bundesliga,Bayer Leverkusen,0.0,0.0,0.004845196889205413,1819.0,Arsenal,0.0,2017
Bertrand Traoré,1920,FRA-Ligue 1,Lyon,0.28753993610223644,0.26465400241124937,0.2189494613944865,2021.0,Aston Villa,0.4953429297205758,2019
Beto,2223,ITA-Serie A,Udinese,0.4645706241201314,0.42630903060093056,0.12217800041152832,2324.0,Everton,0.30066815144766146,2022
Björn Engels,1819,FRA-Ligue 1,Reims,0.06060606060606061,0.033936228095130486,0.03479978193839391,1920.0,Aston Villa,0.06219765031098825,2018
Bojan,1617,GER-Bundesliga,Mainz 05,0.28526148969889065,0.1619781762739369,0.05342010638887644,1718.0,Stoke,0.0,2016
Borja Bastón,1516,ESP-La Liga,Eibar,0.7325581395348837,0.5690184138975171,0.09489057442649852,1617.0,Swansea,0.1711026615969582,2015
Borja Bastón,1819,ESP-La Liga,Alaves,0.3693570451436389,0.427038287119647,0.07865999496596701,1920.0,Aston Villa,0.0,2018
Boubacar Kamara,2021,FRA-Ligue 1,Marseille,0.061707233459033256,0.020300294446605992,0.05446251122268823,2223.0,Aston Villa,0.05027932960893854,2020
Boubakary Soumare,2021,FRA-Ligue 1,Lille,0.047046523784631464,0.0065034286299661,0.029292469060411643,2223.0,Leicester,0.0,2020
Bruno,1617,ESP-La Liga,Villarreal,0.21112600536193027,0.057468082444947055,0.04871878197451618,1718.0,Brighton,0.0,2016
Bruno,1718,ESP-La Liga,Getafe,0.0,0.012907195559819227,0.0690576805936871,1819.0,Brighton,0.07826086956521738,2017
Bruno Fernandes,1617,ITA-Serie A,Sampdoria,0.3629032258064516,0.29869928300994436,0.23213336248517313,1920.0,Manchester United,1.1147811725846408,2016
Bruno Guimarães,2021,FRA-Ligue 1,Lyon,0.20454545454545453,0.09104337981923229,0.10069553979503161,2223.0,Newcastle United,0.29326574945691525,2020
Bryan Gil Salvatierra,2021,ESP-La Liga,Eibar,0.27474923680767555,0.14194279123622416,0.18165779207835955,2223.0,Tottenham,0.6081081081081081,2020
Bryan Gil Salvatierra,2223,ESP-La Liga,Sevilla,0.3896103896103896,0.36119471769779915,0.07960710450764986,2324.0,Tottenham,0.0,2022
Cafú,1718,FRA-Ligue 1,Metz,0.0,0.07549355893769191,0.02078624671973321,2223.0,Nottingham Forest,0.0,2017
Caglar Söyüncü,1718,GER-Bundesliga,Freiburg,0.041821561338289966,0.037851085432815505,0.0,1819.0,Leicester,0.0,2017
Callum Hudson-Odoi,2223,GER-Bundesliga,Bayer Leverkusen,0.14754098360655737,0.023923460668960547,0.09181044702647162,2324.0,Nottingham Forest,0.43926247288503256,2022
Carlos Baleba,2223,FRA-Ligue 1,Lille,0.0,0.07807410771594099,0.010067810749878054,2324.0,Brighton,0.0,2022
Carlos Vinicius,1819,FRA-Ligue 1,Monaco,0.5476673427991886,0.5054955151967296,0.08625116180364065,2021.0,Tottenham,0.3,2018
Casemiro,2021,ESP-La Liga,Real Madrid,0.31013094417643,0.20748053573721506,0.0901175419165195,2223.0,Manchester United,0.29619181946403383,2020
Cengiz Ünder,1920,ITA-Serie A,Roma,0.3103448275862069,0.2651744350020228,0.2927291289228818,2021.0,Leicester,0.694980694980695,2019
Cheick Oumar Doucoure,2021,FRA-Ligue 1,Lens,0.1021566401816118,0.037353769130793385,0.038941657925436905,2223.0,Crystal Palace,0.09557522123893805,2020
Chicharito,1415,ESP-La Liga,Real Madrid,1.1660777385159011,0.49298310428594533,0.4209644300040424,1516.0,Manchester United,0.0,2014
Chicharito,1617,GER-Bundesliga,Bayer Leverkusen,0.695364238410596,0.5094624242887197,0.13173833449327987,1718.0,West Ham,0.47244094488188976,2016
Chimuanya Ugochukwu,2223,FRA-Ligue 1,Rennes,0.06766917293233082,0.07837187346155033,0.05731948980487379,2324.0,Chelsea,0.0,2022
Chris Richards,2021,GER-Bundesliga,Bayern Munich,0.17374517374517376,0.018932316668015186,0.07249468546468606,2223.0,Crystal Palace,0.0,2020
Christian Eriksen,2021,ITA-Serie A,Inter,0.19271948608137046,0.07586935158156864,0.1534401918751461,2223.0,Manchester United,0.3868194842406877,2020
Christian Fuchs,1415,GER-Bundesliga,Schalke 04,0.31523642732049034,0.04157828163818803,0.20617911269180408,1516.0,Leicester,0.13303769401330376,2014
Christian Pulisic,1819,GER-Bundesliga,Borussia Dortmund,0.7860262008733625,0.5067699839763636,0.29171379010587545,1920.0,Chelsea,0.6731875719217492,2018
Christopher Nkunku,2223,GER-Bundesliga,RasenBallsport Leipzig,0.9488666315234581,0.629092188150429,0.23261357593690335,2324.0,Chelsea,0.6490384615384616,2022
Claudio Bravo,1516,ESP-La Liga,Barcelona,0.0,0.0,0.0,1617.0,Manchester City,0.0,2015
Clement Lenglet,2021,ESP-La Liga,Barcelona,0.036334275333064193,0.08734887122933452,0.028869500176941235,2223.0,Tottenham,0.08827856792545366,2020
Clinton N'Jie,1415,FRA-Ligue 1,Lyon,0.8300395256916996,0.49655288468913833,0.19684325653338147,1516.0,Tottenham,0.5263157894736842,2014
Cristhian Stuani,1415,ESP-La Liga,Espanyol,0.621046578493387,0.4410613286124179,0.0440597145369918,1617.0,Middlesbrough,0.26296566837107377,2014
Cristian Romero,2021,ITA-Serie A,Atalanta,0.14106583072100315,0.04788990878444574,0.029751619435029346,2223.0,Tottenham,0.03802281368821293,2020
Cristiano Ronaldo,2021,ITA-Serie A,Juventus,1.0260064125400783,0.7614188412244863,0.12359013959452228,2223.0,Manchester United,0.17408123791102514,2020
Dango Ouattara,2223,FRA-Ligue 1,Lorient,0.6346153846153847,0.34606730418566334,0.22938533922514093,2324.0,Bournemouth,0.22499999999999998,2022
Dani Ceballos,1819,ESP-La Liga,Real Madrid,0.21686746987951808,0.16173167504280445,0.09069085403917783,1920.0,Arsenal,0.10452961672473868,2018
Danilo,1617,ITA-Serie A,Udinese,0.08426966292134831,0.03244734874120756,0.007282893194325183,1718.0,Manchester City,0.3363228699551569,2016
Danilo,1718,ITA-Serie A,Udinese,0.03233920229967661,0.033630245431127886,0.003264002154600992,1819.0,Manchester City,0.11166253101736973,2017
Danilo,2021,ITA-Serie A,Juventus,0.15400410677618068,0.05647336759124509,0.10514779194225643,2223.0,Nottingham Forest,0.45045045045045046,2020
Danilo,2223,ITA-Serie A,Juventus,0.17013232514177695,0.07064225748075711,0.08166944968121546,2324.0,Nottingham Forest,0.2001111728738188,2022
David Luiz,1516,FRA-Ligue 1,Paris Saint Germain,0.12943432406519656,0.060631933167562505,0.07526801307958016,1617.0,Chelsea,0.03041568097330179,2015
Davide Zappacosta,1617,ITA-Serie A,Torino,0.23166023166023167,0.03287298464608239,0.1962230182666346,1718.0,Chelsea,0.16483516483516483,2016
Dejan Kulusevski,2021,ITA-Serie A,Juventus,0.32863849765258213,0.15654494504973362,0.29736842522878604,2223.0,Tottenham,0.3820754716981132,2020
Denis Suárez,1718,ESP-La Liga,Barcelona,0.6228373702422145,0.3155562654459868,0.3322158551494555,1819.0,Arsenal,0.0,2017
Denis Zakaria,2021,GER-Bundesliga,Borussia M.Gladbach,0.12658227848101264,0.08868954297673853,0.06803857964239543,2223.0,Chelsea,0.0,2020
Dennis Praet,1819,ITA-Serie A,Sampdoria,0.1549053356282272,0.07131569415471947,0.13683312989630306,1920.0,Leicester,0.2402135231316726,2018
Didier Ndong,1516,FRA-Ligue 1,Lorient,0.08835078534031414,0.04711677007625825,0.030949044587451437,1617.0,Sunderland,0.03572846367606193,2015
Diego Carlos,2021,ESP-La Liga,Sevilla,0.032234957020057305,0.053358609277093225,0.02135788802361719,2223.0,Aston Villa,0.0,2020
Diego Llorente,1920,ESP-La Liga,Real Sociedad,0.07725321888412016,0.056341997783455215,0.016417952218440723,2021.0,Leeds,0.07450331125827814,2019
Diego Rico,1718,ESP-La Liga,Leganes,0.16150740242261105,0.05962920748700124,0.1450750861733069,1819.0,Bournemouth,0.0,2017
Dimitri Foulquier,1819,ESP-La Liga,Getafe,0.24779735682819384,0.0718978678988137,0.08301662621683224,1920.0,Watford,0.0,2018
Dimitri Payet,1415,FRA-Ligue 1,Marseille,0.6736088512853888,0.11953026792134518,0.386140579269854,1516.0,West Ham,0.733695652173913,2014
Diogo Dalot,2021,ITA-Serie A,AC Milan,0.16822429906542055,0.04293853688602135,0.08056245819082326,2223.0,Manchester United,0.12476894639556377,2020
Divock Origi,1415,FRA-Ligue 1,Lille,0.460679385760819,0.28734864564781526,0.14664233152972594,1516.0,Liverpool,0.8181818181818182,2014
Divock Origi,1718,GER-Bundesliga,Wolfsburg,0.36697247706422015,0.28878328689468014,0.049490660104319587,1819.0,Liverpool,1.0084033613445378,2017
Divock Origi,2223,ITA-Serie A,AC Milan,0.27522935779816515,0.3267334138444804,0.0939440853688695,2324.0,Nottingham Forest,0.1615798922800718,2022
Djibril Sidibe,1819,FRA-Ligue 1,Monaco,0.0872093023255814,0.04210600659229554,0.1523763454264723,1920.0,Everton,0.19933554817275748,2018
Dominik Szoboszlai,2223,GER-Bundesliga,RasenBallsport Leipzig,0.4754164973587972,0.16184312660415112,0.33925872858445705,2324.0,Liverpool,0.2107728337236534,2022
Douglas Luiz,1819,ESP-La Liga,Girona,0.0,0.06286421102104765,0.03605949060257637,1920.0,Aston Villa,0.17294388931591084,2018
Duje Caleta-Car,2021,FRA-Ligue 1,Marseille,0.0957107408720312,0.033363095002340665,0.04393975881318892,2223.0,Southampton,0.09503695881731784,2020
Edinson Cavani,1920,FRA-Ligue 1,Paris Saint Germain,0.7588532883642496,1.3013247220853932,0.16588174346928652,2021.0,Manchester United,0.8634686346863468,2019
Edouard Mendy,1920,FRA-Ligue 1,Rennes,0.0,0.0,0.0,2021.0,Chelsea,0.0,2019
Eliaquim Mangala,1617,ESP-La Liga,Valencia,0.06805293005671077,0.08970189615661571,0.0030417029476515053,1718.0,Everton,0.0,2016
Emerson,1617,ITA-Serie A,Roma,0.04575495678698526,0.02607457429723626,0.10877781209072367,1718.0,Chelsea,0.3249097472924188,2016
Emerson,1920,ESP-La Liga,Real Betis,0.28491030601477313,0.05770791198821124,0.17010543321141716,2021.0,Chelsea,0.0,2019
Emerson,2021,ESP-La Liga,Real Betis,0.15010006671114076,0.041966447963927934,0.09562597994949219,2223.0,Tottenham,0.15579919215233698,2020
Emil Krafth,1819,FRA-Ligue 1,Amiens,0.0605245460659045,0.020491102414121744,0.09173363470989102,1920.0,Newcastle United,0.087890625,2018
Emiliano Buendía,1516,ESP-La Liga,Getafe,0.12328767123287672,0.12827258699969074,0.030912658225183617,1920.0,Norwich,0.2924451665312754,2015
Emmanuel Dennis,2021,GER-Bundesliga,FC Cologne,0.19027484143763213,0.09433398287089632,0.14336553132496224,2223.0,Nottingham Forest,0.5106382978723405,2020
Enes Ünal,2223,ESP-La Liga,Getafe,0.5077995353468304,0.21353051237331708,0.10023802881729671,2324.0,Bournemouth,1.2720848056537102,2022
Eric Bailly,1516,ESP-La Liga,Villarreal,0.0,0.009988966416760345,0.025558611731508085,1617.0,Manchester United,0.0,2015
Eric Maxim Choupo-Moting,1617,GER-Bundesliga,Schalke 04,0.3730017761989343,0.23869809246296148,0.19325821625720546,1718.0,Stoke,0.39875941515285773,2016
Erik Durm,1617,GER-Bundesliga,Borussia Dortmund,0.18480492813141683,0.06567493908191424,0.16800576857304547,1819.0,Huddersfield,0.043923865300146414,2016
Erik Pieters,1819,FRA-Ligue 1,Amiens,0.14274385408406026,0.06924276670011191,0.04204650852654918,1920.0,Burnley,0.19148936170212766,2018
Erling Haaland,2021,GER-Bundesliga,Borussia Dortmund,1.2293046357615893,0.7661685391039347,0.1503271031014572,2223.0,Manchester City,1.4127720299678914,2020
Estupiñán,2021,ESP-La Liga,Villarreal,0.0,0.037297990321725316,0.14190188227811018,2223.0,Brighton,0.19948282231252307,2020
Ezequiel Schelotto,1415,ITA-Serie A,Chievo,0.0,0.1069151654609301,0.08000271509956108,1718.0,Brighton,0.0,2014
Fabian Schär,1718,ESP-La Liga,Deportivo La Coruna,0.16208914903196758,0.13002927288017205,0.029636939592535355,1819.0,Newcastle United,0.22421524663677128,2017
Fabinho,1718,FRA-Ligue 1,Monaco,0.29411764705882354,0.06265612565638388,0.12507361957036398,1819.0,Liverpool,0.1345962113659023,2017
Fabri,1415,ESP-La Liga,Deportivo La Coruna,0.0,0.0,0.0005564096594049064,1819.0,Fulham,0.0,2014
Facundo Pellistri,2021,ESP-La Liga,Alaves,0.0,0.07109425323649068,0.00630787061004155,2223.0,Manchester United,0.0,2020
Felipe,2021,ESP-La Liga,Atletico Madrid,0.0,0.05676252194741635,0.01862178033689585,2223.0,Nottingham Forest,0.06306937631394534,2020
Felipe Anderson,1718,ITA-Serie A,Lazio,0.8691834942932397,0.2173976382670746,0.3466744292805444,1819.0,West Ham,0.38073543768304585,2017
Fernando,1516,ITA-Serie A,Sampdoria,0.18066242890598863,0.08610490012531319,0.11138701057401179,1617.0,Manchester City,0.0,2015
Fernando Marçal,1920,FRA-Ligue 1,Lyon,0.10804321728691475,0.009822543735066946,0.1482731494761887,2021.0,Wolverhampton Wanderers,0.0,2019
Ferrán Torres,1920,ESP-La Liga,Valencia,0.3558875219683656,0.15904461100340703,0.2001755478217386,2021.0,Manchester City,0.6206896551724138,2019
Florent Hadergjonaj,1617,GER-Bundesliga,Ingolstadt,0.12140287769784172,0.01149083510302543,0.07410740115086836,1718.0,Huddersfield,0.05373134328358209,2016
Florian Lejeune,1617,ESP-La Liga,Eibar,0.060626473560121255,0.0774413021061784,0.01716704414915902,1718.0,Newcastle United,0.08559201141226819,2016
Florian Thauvin,1415,FRA-Ligue 1,Marseille,0.310463779225757,0.24258917742314218,0.15857791268591934,1516.0,Newcastle United,0.0,2014
Florin Andone,1718,ESP-La Liga,Deportivo La Coruna,0.49723756906077343,0.5808421346816897,0.05690073491542379,1819.0,Brighton,0.31358885017421606,2017
Floyd Ayité,1516,FRA-Ligue 1,SC Bastia,0.375996961640714,0.2129951728938697,0.06256931993022329,1819.0,Fulham,0.2040816326530612,2015
Fode Toure,2223,ITA-Serie A,AC Milan,0.17543859649122806,0.24326682156115248,0.1143054598779009,2324.0,Fulham,0.0,2022
Franck Zambo,1718,FRA-Ligue 1,Marseille,0.0,0.04253122100921731,0.1271776294204594,1819.0,Fulham,0.0,2017
Franck Zambo,1920,ESP-La Liga,Villarreal,0.069713400464756,0.10269480178855492,0.021468645789877654,2021.0,Fulham,0.104570100697134,2019
Frederic Guilbert,1819,FRA-Ligue 1,Caen,0.09246575342465754,0.009168543549866914,0.08753381223315757,1920.0,Aston Villa,0.08801955990220049,2018
Gabriel,1415,ESP-La Liga,Villarreal,0.0,0.029561875014801762,0.02821810264198322,1516.0,Arsenal,0.05110732538330494,2014
Gabriel,1920,ITA-Serie A,Lecce,0.0,0.0,0.0,2021.0,Arsenal,0.09027081243731194,2019
Gabriel,2021,ESP-La Liga,Valencia,0.16568483063328424,0.03102842428610387,0.02014780239118414,2223.0,Arsenal,0.07903981264637003,2020
Gabriel,2223,ESP-La Liga,Valencia,0.05968169761273209,0.0718251828212953,0.018698207969809397,2324.0,Arsenal,0.08852459016393444,2022
Gareth Bale,1920,ESP-La Liga,Real Madrid,0.3275705186533212,0.3317250944572324,0.12814633919432883,2021.0,Tottenham,1.2871287128712872,2019
Georges-Kévin Nkoudou,1516,FRA-Ligue 1,Marseille,0.3471552555448409,0.15100517279666956,0.12305082162355388,1617.0,Tottenham,0.0,2015
Gerard Deulofeu,1415,ESP-La Liga,Sevilla,0.6792452830188679,0.2703356160167253,0.24015351947186125,1516.0,Everton,0.6479481641468683,2014
Gerard Deulofeu,1617,ITA-Serie A,AC Milan,0.42944785276073616,0.2084457135525035,0.3975551563995016,1718.0,Watford,0.20316027088036115,2016
Gerard Deulofeu,1718,ESP-La Liga,Barcelona,0.35714285714285715,0.20420144179037641,0.31300142573724904,1819.0,Watford,0.6398104265402844,2017
Gianluca Scamacca,2021,ITA-Serie A,Genoa,0.6691449814126395,0.4222758303372169,0.19171238349937597,2223.0,West Ham,0.28723404255319146,2020
Giannelli Imbula,1415,FRA-Ligue 1,Marseille,0.11313639220615965,0.04656984635566126,0.07090992529570382,1516.0,Stoke,0.14285714285714285,2014
Giovani Lo Celso,2223,ESP-La Liga,Villarreal,0.3937007874015748,0.23916714854069115,0.27101225784327104,2324.0,Tottenham,0.7725321888412017,2022
Giovanni Reyna,2223,GER-Bundesliga,Borussia Dortmund,1.3590604026845639,0.4951738143627276,0.21874268739265484,2324.0,Nottingham Forest,0.4368932038834952,2022
Gonzalo Higuaín,1718,ITA-Serie A,Juventus,0.7043756670224119,0.3806550852087672,0.10314891784747102,1819.0,Chelsea,0.4090909090909091,2017
Gonzalo Montiel,2223,ESP-La Liga,Sevilla,0.17857142857142858,0.065329261567621,0.15261788264892642,2324.0,Nottingham Forest,0.22249690976514214,2022
Gonçalo Guedes,2021,ESP-La Liga,Valencia,0.3896103896103896,0.11888836217778069,0.15671837383082934,2223.0,Wolverhampton Wanderers,0.25069637883008355,2020
Granit Xhaka,1516,GER-Bundesliga,Borussia M.Gladbach,0.15202702702702703,0.06448309030265836,0.08886205211023775,1617.0,Arsenal,0.14446227929373998,2015
Grzegorz Krychowiak,1617,FRA-Ligue 1,Paris Saint Germain,0.0,0.06509005174176671,0.016593400722986658,1718.0,West Bromwich Albion,0.10948905109489052,2016
Guglielmo Vicario,2223,ITA-Serie A,Empoli,0.0,0.0,0.0,2324.0,Tottenham,0.0,2022
Guido Carrillo,1617,FRA-Ligue 1,Monaco,1.2765957446808511,0.9307437529787421,0.19635780011006493,1718.0,Southampton,0.19867549668874174,2016
Gökhan Inler,1415,ITA-Serie A,Napoli,0.06593406593406594,0.03417547865883335,0.04570505370969301,1516.0,Leicester,0.0,2014
Hamed Junior Traore,2021,ITA-Serie A,Sassuolo,0.35274356103023513,0.22281236982041883,0.19589901543540456,2223.0,Bournemouth,0.0,2020
Hamed Junior Traore,2223,ITA-Serie A,Sassuolo,0.45918367346938777,0.13846784668537426,0.22807306838126815,2324.0,Bournemouth,0.0,2022
Han-Noah Massengo,2223,FRA-Ligue 1,Auxerre,0.0,0.06689945435830737,0.04145468865333665,2324.0,Burnley,0.0,2022
Henri Saivet,1415,FRA-Ligue 1,Bordeaux,0.0,0.1749022538795315,0.02676700720865925,1516.0,Newcastle United,0.0,2014
Henri Saivet,1617,FRA-Ligue 1,Saint-Etienne,0.15202702702702703,0.1480088059356235,0.12011423900509505,1718.0,Newcastle United,1.0465116279069766,2016
Henrikh Mkhitaryan,1516,GER-Bundesliga,Borussia Dortmund,0.9076803723816912,0.4012981638647587,0.5544509180395917,1617.0,Manchester United,0.33407572383073497,2015
Håvard Nordtveit,1516,GER-Bundesliga,Borussia M.Gladbach,0.1837484687627603,0.03665643373390955,0.04020326053240728,1617.0,West Ham,0.09424083769633508,2015
Håvard Nordtveit,1718,GER-Bundesliga,Hoffenheim,0.0,0.04007329845447132,0.005691776670406654,1819.0,Fulham,0.24930747922437674,2017
Hélder Costa,1516,FRA-Ligue 1,Monaco,0.3472222222222222,0.211715322220698,0.1753369850727419,1819.0,Wolverhampton Wanderers,0.20074349442379183,2015
Ibrahim Amadou,1819,ESP-La Liga,Sevilla,0.0,0.04121134368898837,0.007715344674100998,1920.0,Norwich,0.0,2018
Ibrahim Sangare,1920,FRA-Ligue 1,Toulouse,0.04134129536058796,0.06869592062177518,0.049555306200949376,2324.0,Nottingham Forest,0.0,2019
Ibrahima Diallo,1920,FRA-Ligue 1,Brest,0.05758157389635316,0.004500593085578441,0.03944215159183958,2021.0,Southampton,0.0,2019
Ibrahima Konaté,2021,GER-Bundesliga,RasenBallsport Leipzig,0.12949640287769784,0.10319335297714892,0.0,2223.0,Liverpool,0.0,2020
Idrissa Gueye,1415,FRA-Ligue 1,Lille,0.19751280175566935,0.06522549653184637,0.04372909112922689,1516.0,Aston Villa,0.029173419773095625,2014
Idrissa Gueye,2021,FRA-Ligue 1,Paris Saint Germain,0.17088607594936708,0.05068858670471589,0.046507049375508404,2223.0,Everton,0.03411675511751327,2020
Ignacio Pussetto,1819,ITA-Serie A,Udinese,0.33012379642365886,0.2722364714166772,0.08974445367582973,1920.0,Watford,0.0,2018
Igor Julio,2223,ITA-Serie A,Fiorentina,0.0,0.016277797153798144,0.016548116714081487,2324.0,Brighton,0.0,2022
Ilkay Gündogan,1516,GER-Bundesliga,Borussia Dortmund,0.1801801801801802,0.17038943774595455,0.18455623216960612,1617.0,Manchester City,0.502092050209205,2015
Ionut Radu,2223,ITA-Serie A,Cremonese,0.0,0.0,0.02172995648450321,2324.0,Bournemouth,0.0,2022
Isaac Mbenza,1718,FRA-Ligue 1,Montpellier,0.3444976076555024,0.32500184389749215,0.05141808938805424,1819.0,Huddersfield,0.1882845188284519,2017
Isaac Success,1516,ESP-La Liga,Granada,0.29496108152396555,0.2623458680136313,0.12545981503556078,1617.0,Watford,0.3887688984881209,2015
Isaac Success,1718,ESP-La Liga,Malaga,0.18072289156626506,0.07471500065581627,0.29598086533776247,1819.0,Watford,0.1773399014778325,2017
Islam Slimani,1920,FRA-Ligue 1,Monaco,1.1206225680933852,0.6298609180122265,0.2935112629535133,2021.0,Leicester,0.0,2019
Ismaila Sarr,1819,FRA-Ligue 1,Rennes,0.4485582057671769,0.16623504187324242,0.233966057159301,1920.0,Watford,0.3974484789008832,2018
Issa Diop,1718,FRA-Ligue 1,Toulouse,0.08823529411764706,0.05570059935288394,0.01379894947304445,1819.0,West Ham,0.030303030303030304,2017
Issa Kabore,2223,FRA-Ligue 1,Marseille,0.08991008991008992,0.11145930488842291,0.08756363699277799,2324.0,Luton,0.10297482837528604,2022
Ivan Perisic,2021,ITA-Serie A,Inter,0.4002223457476376,0.2475235947180517,0.21072760425723383,2223.0,Tottenham,0.3844328429046037,2020
Ivo Grbic,2223,ESP-La Liga,Atletico Madrid,0.0,0.0,0.0,2324.0,Sheffield United,0.0,2022
Iyenoma Destiny Udogie,2223,ITA-Serie A,Udinese,0.23110785033015407,0.115727188205039,0.10635792611198266,2324.0,Tottenham,0.1846532622076323,2022
Jadon Sancho,2021,GER-Bundesliga,Borussia Dortmund,0.8209313490158425,0.25909913718106653,0.35618280477739556,2223.0,Manchester United,0.47368421052631576,2020
Jakub Kiwior,2223,ITA-Serie A,Spezia,0.0,0.040154696542246286,0.03737752056442017,2324.0,Arsenal,0.3777544596012592,2022
Jan Kirchhoff,1415,GER-Bundesliga,Schalke 04,0.0,0.09625907924215672,0.05440202102822772,1516.0,Sunderland,0.0,2014
Jannik Vestergaard,1718,GER-Bundesliga,Borussia M.Gladbach,0.09375,0.061363969260128215,0.021566380746662617,1819.0,Southampton,0.0,2017
Javier Manquillo,1516,FRA-Ligue 1,Marseille,0.03364485981308411,0.007969878547798804,0.05268214089082223,1617.0,Sunderland,0.06324666198172874,2015
Jean Michael Seri,1718,FRA-Ligue 1,Nice,0.2735562310030395,0.06375848225425465,0.14915050873263969,1819.0,Fulham,0.1187335092348285,2017
Jean-Philippe Gbamin,1819,GER-Bundesliga,Mainz 05,0.10093457943925234,0.04370301994277495,0.06545168529395189,1920.0,Everton,0.0,2018
Jean-Philippe Mateta,1920,GER-Bundesliga,Mainz 05,0.3389830508474576,0.4075478825528743,0.10869957632937673,2021.0,Crystal Palace,0.4225352112676056,2019
Jean-Philippe Mateta,2021,GER-Bundesliga,Mainz 05,0.7142857142857143,0.683605708680781,0.12019475930303868,2223.0,Crystal Palace,0.2510460251046025,2020
Jean-Ricner Bellegarde,2223,FRA-Ligue 1,Strasbourg,0.2947196070405239,0.08802567492382135,0.19690290064449148,2324.0,Wolverhampton Wanderers,0.2878464818763326,2022
Jefferson Lerma,1718,ESP-La Liga,Levante,0.04201680672268907,0.04274614307904193,0.0650014791308957,1819.0,Bournemouth,0.07123070834982193,2017
Jeremie Boga,1617,ESP-La Liga,Granada,0.18646408839779005,0.134406111091221,0.056059017368381356,1718.0,Chelsea,0.0,2016
Jesús Gámez,1516,ESP-La Liga,Atletico Madrid,0.0,0.009252797770945969,0.02038260654822363,1718.0,Newcastle United,0.0,2015
Jetro Willems,1819,GER-Bundesliga,Eintracht Frankfurt,0.1274787535410765,0.025061251867362015,0.27603724013707964,1920.0,Newcastle United,0.23984010659560295,2018
Joachim Andersen,1920,FRA-Ligue 1,Lyon,0.058785107772697576,0.06031730735417793,0.006846807371511091,2021.0,Fulham,0.06588579795021962,2019
Joe Hart,1617,ITA-Serie A,Torino,0.0,0.0,0.0004996749986377028,1718.0,West Ham,0.05263157894736842,2016
Joel Campbell,1415,ESP-La Liga,Villarreal,0.0741962077493817,0.1425813897670249,0.19361939755716012,1516.0,Arsenal,0.5050505050505051,2014
Joel Matip,1516,GER-Bundesliga,Schalke 04,0.17647058823529413,0.09262052438605357,0.049392620649407894,1617.0,Liverpool,0.036689767631471665,2015
Joel Robles,2021,ESP-La Liga,Real Betis,0.0,0.0,0.0012100833571619444,2223.0,Leeds,0.0,2020
Joelinton,1819,GER-Bundesliga,Hoffenheim,0.5025593299208935,0.37405019420601704,0.21552621280768408,1920.0,Newcastle United,0.1322556943423953,2018
Jonas Lössl,1617,GER-Bundesliga,Mainz 05,0.0,0.0010133592618836297,0.003716162923309537,1718.0,Huddersfield,0.02631578947368421,2016
Jonjoe Kenny,1920,GER-Bundesliga,Schalke 04,0.16471449487554907,0.03838083905878301,0.03803134459175857,2021.0,Everton,0.0,2019
Jonny,1718,ESP-La Liga,Celta Vigo,0.08416458852867831,0.052895987243217375,0.0504032719213785,1819.0,Wolverhampton Wanderers,0.06446991404011461,2017
Jordan Amavi,1415,FRA-Ligue 1,Nice,0.11128284389489954,0.038127795316658955,0.09362409402899893,1516.0,Aston Villa,0.21556886227544908,2014
Jordan Ayew,1415,FRA-Ligue 1,Lorient,0.5848623853211009,0.3299725699716956,0.11201678576597243,1516.0,Aston Villa,0.267402376910017,2014
Jordan Veretout,1415,FRA-Ligue 1,Nantes,0.3635798632691113,0.056031329234317646,0.2003241518704537,1516.0,Aston Villa,0.24576734025122882,2014
Jorginho,1718,ITA-Serie A,Napoli,0.20171834142697048,0.041528810034820875,0.1286816261959223,1819.0,Chelsea,0.056621579112928595,2017
Joselu,1415,GER-Bundesliga,Hannover 96,0.3996770286637061,0.31194984948967175,0.13109849501953139,1516.0,Stoke,0.41977611940298504,2014
Joselu,1617,ESP-La Liga,Deportivo La Coruna,0.6108597285067873,0.2700534657094779,0.021555458208149914,1718.0,Newcastle United,0.2601156069364162,2016
Josh Maja,1920,FRA-Ligue 1,Bordeaux,1.0241820768136558,0.44434423066919426,0.16242401137852652,2021.0,Fulham,0.3337453646477132,2019
Josko Gvardiol,2223,GER-Bundesliga,RasenBallsport Leipzig,0.04153207198892478,0.07293410922422572,0.025588216485277704,2324.0,Manchester City,0.19271948608137046,2022
José Holebas,1415,ITA-Serie A,Roma,0.08763388510223953,0.023712624923599032,0.05580567080117653,1516.0,Watford,0.0,2014
José Ángel Crespo,1415,ESP-La Liga,Cordoba,0.0,0.01823112405544335,0.04968546243254688,1516.0,Aston Villa,0.0,2014
João Cancelo,1819,ITA-Serie A,Juventus,0.18283392585068564,0.08520174864726875,0.1811048224068887,1920.0,Manchester City,0.0,2018
João Félix,2021,ESP-La Liga,Atletico Madrid,0.693196405648267,0.2493334382973296,0.24324676027911238,2223.0,Chelsea,0.3777544596012592,2020
João Moutinho,1718,FRA-Ligue 1,Monaco,0.22491967154587647,0.028460785914152614,0.16986820986444548,1819.0,Wolverhampton Wanderers,0.26531280707500815,2017
João Mário,1617,ITA-Serie A,Inter,0.3601800900450225,0.2167615644249873,0.20486364638215754,1718.0,West Ham,0.26036644165863065,2016
João Pedro,1819,ITA-Serie A,Cagliari,0.3127413127413127,0.24254403640174496,0.11661051475878043,1920.0,Watford,0.0,2018
João Pedro,2021,ITA-Serie A,Cagliari,0.5224564619615032,0.26076498524201347,0.14563071542341813,2324.0,Brighton,0.5330700888450147,2020
Juan Cuadrado,1415,ITA-Serie A,Fiorentina,0.49484536082474223,0.3741316539571457,0.13539465641622075,1516.0,Chelsea,0.0,2014
Juan Iturbe,1415,ITA-Serie A,Roma,0.1939655172413793,0.23086834578485838,0.08614216240700977,1516.0,Bournemouth,0.0,2014
Juanmi,1415,ESP-La Liga,Malaga,0.3202846975088968,0.2998019007591405,0.08972729044200793,1516.0,Southampton,0.0,2014
Justin Kluivert,2223,ESP-La Liga,Valencia,0.3716448726772195,0.3635263338067145,0.16946081609220973,2324.0,Bournemouth,0.35485460818137016,2022
Jéremy Doku,2223,FRA-Ligue 1,Rennes,0.5638214565387627,0.20567269568435828,0.3136719760945185,2324.0,Manchester City,0.6126237623762376,2022
Jérémy Pied,1516,FRA-Ligue 1,Nice,0.0911854103343465,0.024533437672538235,0.11780486343071817,1617.0,Southampton,0.0,2015
Kai Havertz,1920,GER-Bundesliga,Bayer Leverkusen,0.6566680178354276,0.33933772132054335,0.30221357314957265,2021.0,Chelsea,0.41365725541694026,2019
Kalidou Koulibaly,2021,ITA-Serie A,Napoli,0.0,0.039793239909798495,0.012095235195516137,2223.0,Chelsea,0.14925373134328357,2020
Kamil Grosicki,1516,FRA-Ligue 1,Rennes,0.7109940750493746,0.2820455917746437,0.18551750351393437,1617.0,Hull,0.23580786026200876,2015
Kamil Grosicki,1617,FRA-Ligue 1,Rennes,0.6415478615071283,0.27274622699499984,0.28207362898817007,2021.0,West Bromwich Albion,0.5960264900662251,2016
Kenny Tete,1920,FRA-Ligue 1,Lyon,0.08530805687203792,0.051276498028381745,0.12560001367005694,2021.0,Fulham,0.060687795010114634,2019
Kepa,1718,ESP-La Liga,Athletic Club,0.0,0.0,0.008589633305867513,1819.0,Chelsea,0.0,2017
Kevin Danso,1819,GER-Bundesliga,Augsburg,0.14457831325301204,0.029197409075785826,0.024253873401377572,1920.0,Southampton,0.33088235294117646,2018
Kevin De Bruyne,1415,GER-Bundesliga,Wolfsburg,0.8846657929226737,0.22777397670755029,0.4219545848633445,1516.0,Manchester City,0.7178464606181456,2014
Kevin Mbabu,2021,GER-Bundesliga,Wolfsburg,0.0547112462006079,0.03771120414568117,0.10377637516582627,2223.0,Fulham,0.6521739130434783,2020
Kevin Wimmer,1415,GER-Bundesliga,FC Cologne,0.0,0.005171627912204713,0.004919953091302884,1516.0,Tottenham,0.0,2014
Keylor Navas,2021,FRA-Ligue 1,Paris Saint Germain,0.0,0.0,0.0,2223.0,Nottingham Forest,0.0,2020
Kieran Trippier,2021,ESP-La Liga,Atletico Madrid,0.21782977006857604,0.004731287879958753,0.1423503521690089,2223.0,Newcastle United,0.21377672209026127,2020
Kiko Casilla,1718,ESP-La Liga,Real Madrid,0.0,0.0,0.0,2021.0,Leeds,0.0,2017
Kiko Femenía,1617,ESP-La Liga,Alaves,0.07197121151539385,0.008069660554810171,0.08891507789570062,1718.0,Watford,0.10452961672473868,2016
Konstantinos Mavropanos,2223,GER-Bundesliga,VfB Stuttgart,0.11805859204197638,0.1435998120847283,0.05317243612214603,2324.0,West Ham,0.060402684563758385,2022
Konstantinos Stafylidis,1617,GER-Bundesliga,Augsburg,0.15985790408525755,0.06744527455657509,0.05405429513301191,1718.0,Stoke,0.0,2016
Lamine Koné,1415,FRA-Ligue 1,Lorient,0.06666666666666667,0.02956199956436952,0.04195078319559495,1516.0,Sunderland,0.20485584218512898,2014
Lamine Koné,1516,FRA-Ligue 1,Lorient,0.0,0.0564038468584899,0.0019498529333260744,1617.0,Sunderland,0.03537735849056604,2015
Layvin Kurzawa,2021,FRA-Ligue 1,Paris Saint Germain,0.139426800929512,0.06472256976756174,0.14071539239157177,2223.0,Fulham,0.0,2020
Leon Bailey,2021,GER-Bundesliga,Bayer Leverkusen,0.7112970711297072,0.2728242701441673,0.2656560710720936,2223.0,Aston Villa,0.35450516986706054,2020
Leon Balogun,1718,GER-Bundesliga,Mainz 05,0.0,0.003050963218532954,0.0009246199268239439,1819.0,Brighton,0.15280135823429541,2017
Leroy Sané,1516,GER-Bundesliga,Schalke 04,0.5442764578833693,0.2563323109827083,0.18768367777954684,1617.0,Manchester City,0.4015616285554936,2015
Loris Karius,1516,GER-Bundesliga,Mainz 05,0.0,0.0,0.0,1617.0,Liverpool,0.0,2015
Lucas Digne,1718,ESP-La Liga,Barcelona,0.25641025641025644,0.041670975490258284,0.2248430147002905,1819.0,Everton,0.24258760107816715,2017
Lucas Moura,1617,FRA-Ligue 1,Paris Saint Germain,0.6255110384300899,0.34810781872961505,0.22418011006543556,1718.0,Tottenham,0.4326923076923077,2016
Lucas Paquetá,2021,FRA-Ligue 1,Lyon,0.547112462006079,0.29610689812757585,0.250394564773847,2223.0,West Ham,0.28519692168401994,2020
Lucas Pérez,1516,ESP-La Liga,Deportivo La Coruna,0.7147395171537485,0.507339660606076,0.2075119395006633,1617.0,Arsenal,0.3543307086614173,2015
Lucas Pérez,1718,ESP-La Liga,Deportivo La Coruna,0.4504826599928495,0.20883652155510987,0.3185337425892507,1819.0,West Ham,0.5844155844155844,2017
Lucas Torreira,1718,ITA-Serie A,Sampdoria,0.14097744360902256,0.03954247380711866,0.06737745120155071,1819.0,Arsenal,0.1521555367709214,2017
Luciano Vietto,1718,ESP-La Liga,Atletico Madrid,0.34177215189873417,0.1968307701187043,0.18223891350664667,1819.0,Fulham,0.4615384615384615,2017
Ludwig Augustinsson,2021,GER-Bundesliga,Werder Bremen,0.18329938900203666,0.04014797397754525,0.14318079099176706,2223.0,Aston Villa,0.0,2020
Luis Hernández,1516,ESP-La Liga,Sporting Gijon,0.0,0.025990600778580307,0.021320785630942685,1617.0,Leicester,0.0,2015
Lyanco,2021,ITA-Serie A,Torino,0.0,0.07014749748746703,0.016573895924289,2223.0,Southampton,0.15517241379310345,2020
M'Baye Niang,1516,ITA-Serie A,AC Milan,0.6911262798634812,0.303959043604344,0.2322901516784071,1617.0,Watford,0.28169014084507044,2015
Malo Gusto,2223,FRA-Ligue 1,Lyon,0.055693069306930694,0.03439488063455735,0.1664777766996165,2324.0,Chelsea,0.3078677309007982,2022
Manolo Gabbiadini,1516,ITA-Serie A,Napoli,1.3610586011342154,0.6376383494099844,0.20926466692302423,1617.0,Southampton,0.4884667571234736,2015
Manolo Gabbiadini,1617,ITA-Serie A,Napoli,0.5252918287937743,0.4798208474967962,0.008803442943159934,1718.0,Southampton,0.42613636363636365,2016
Manuel Akanji,2021,GER-Bundesliga,Borussia Dortmund,0.07659574468085106,0.07568954338735721,0.007963012388729034,2223.0,Manchester City,0.03961267605633803,2020
Marc Cucurella,2021,ESP-La Liga,Getafe,0.1382488479262673,0.06094657277799972,0.09957876485613634,2223.0,Chelsea,0.1070154577883472,2020
Marc Navarro,1718,ESP-La Liga,Espanyol,0.08166969147005446,0.0500758037735081,0.06898311577389142,1819.0,Watford,0.0,2017
Marcel Sabitzer,2021,GER-Bundesliga,RasenBallsport Leipzig,0.4850563449289564,0.20598377529139295,0.12755435359851805,2223.0,Manchester United,0.14173228346456693,2020
Marco van Ginkel,1415,ITA-Serie A,AC Milan,0.13740458015267176,0.10990639801585038,0.1318435498676796,1516.0,Stoke,0.0,2014
Marcos Alonso,1516,ITA-Serie A,Fiorentina,0.26888604353393086,0.1334893843457198,0.16120309695820878,1617.0,Chelsea,0.3004451038575668,2015
Mario Lemina,1617,ITA-Serie A,Juventus,0.2027027027027027,0.24815110414213423,0.08618623181875493,1718.0,Southampton,0.10434782608695652,2016
Mario Lemina,2223,FRA-Ligue 1,Nice,0.0,0.021645683690766308,0.007339689399716307,2324.0,Wolverhampton Wanderers,0.14990006662225183,2022
Mario Suárez,1415,ESP-La Liga,Atletico Madrid,0.07992895204262877,0.12302798635887102,0.027556376726917433,1516.0,Watford,0.0,2014
Mario Vrancic,1617,GER-Bundesliga,Darmstadt,0.3499675955930006,0.10012983644474116,0.2395103917513296,1920.0,Norwich,0.1468189233278956,2016
Mark Flekken,2223,GER-Bundesliga,Freiburg,0.0,0.0,0.01665806244401371,2324.0,Brentford,0.027330701488004858,2022
Markus Suttner,1617,GER-Bundesliga,Ingolstadt,0.2956204379562044,0.062465084149046744,0.17237331919766366,1718.0,Brighton,0.0,2016
Marquinhos,2021,FRA-Ligue 1,Paris Saint Germain,0.16877637130801687,0.10094712295801328,0.009775814690670384,2223.0,Arsenal,0.0,2020
Marten de Roon,1516,ITA-Serie A,Atalanta,0.0870125684821141,0.018863495318636257,0.03486472035209249,1617.0,Middlesbrough,0.12954300107952502,2015
Martin Odegaard,1920,ESP-La Liga,Real Sociedad,0.35363457760314343,0.11614608573626675,0.23787479682263785,2021.0,Arsenal,0.31213872832369943,2019
Martín Montoya,1718,ESP-La Liga,Valencia,0.16728624535315986,0.010432381289803377,0.08314508580356893,1819.0,Brighton,0.04157043879907621,2017
Mateo Kovacic,1718,ESP-La Liga,Real Madrid,0.09164969450101833,0.031696368623411096,0.06141543237572107,1819.0,Chelsea,0.10250569476082004,2017
Matheus Cunha,2021,GER-Bundesliga,Hertha Berlin,0.45748613678373384,0.2466100514065922,0.17892992722607337,2223.0,Wolverhampton Wanderers,0.18404907975460122,2020
Matheus Pereira,1920,FRA-Ligue 1,Dijon,0.0,0.1296349116959251,0.08805617134874828,2021.0,West Bromwich Albion,0.5898226676946801,2019
Mathieu Debuchy,1516,FRA-Ligue 1,Bordeaux,0.0,0.07117335447015204,0.02069553388852854,1617.0,Arsenal,0.0,2015
Matteo Darmian,1415,ITA-Serie A,Torino,0.1048951048951049,0.07716110210631277,0.11704064205523346,1516.0,Manchester United,0.04646360351058337,2014
Matz Sels,2223,FRA-Ligue 1,Strasbourg,0.0,0.0,0.006702183892852382,2324.0,Nottingham Forest,0.0,2022
Mauro Zárate,1516,ITA-Serie A,Fiorentina,0.5202312138728323,0.3607640106155607,0.0869417048969193,1617.0,Watford,0.0,2015
Max Gradel,1415,FRA-Ligue 1,Saint-Etienne,0.8234217749313816,0.43686167784768,0.22568965884571435,1516.0,Bournemouth,0.29411764705882354,2014
Max Meyer,1718,GER-Bundesliga,Schalke 04,0.0,0.010086267312550558,0.017253843587600955,1819.0,Crystal Palace,0.19244476122594442,2017
Maxime Estève,2223,FRA-Ligue 1,Montpellier,0.0,0.023363499063257052,0.0011976117659439993,2324.0,Burnley,0.0,2022
Maxime Le Marchand,1718,FRA-Ligue 1,Nice,0.10642491131257391,0.015867386610901726,0.025334199817075145,1819.0,Fulham,0.039982230119946685,2017
Maximilian Wöber,1819,ESP-La Liga,Sevilla,0.0,0.03293791399380871,0.09039904723796889,2223.0,Leeds,0.0,2018
Maxwel Cornet,2021,FRA-Ligue 1,Lyon,0.25433992733144933,0.07077343227265821,0.1311604742022426,2223.0,West Ham,0.0,2020
Micah Richards,1415,ITA-Serie A,Fiorentina,0.0,0.018682101037987356,0.016988409841631316,1516.0,Aston Villa,0.08784773060029283,2014
Michael Hector,1617,GER-Bundesliga,Eintracht Frankfurt,0.0662739322533137,0.020285683309601756,0.0,2021.0,Fulham,0.0,2016
Michy Batshuayi,1516,FRA-Ligue 1,Marseille,0.7956477388643318,0.5219303367964085,0.10280969905781324,1617.0,Chelsea,2.443438914027149,2015
Michy Batshuayi,1718,GER-Bundesliga,Borussia Dortmund,0.8602150537634408,0.7254378661833784,0.06425617282749503,1819.0,Crystal Palace,0.587467362924282,2017
Michy Batshuayi,1819,ESP-La Liga,Valencia,0.17928286852589642,0.24898126595226894,0.1421462289016857,1920.0,Chelsea,0.9278350515463918,2018
Micky van de Ven,2223,GER-Bundesliga,Wolfsburg,0.06060606060606061,0.04005971576341174,0.049361386985489815,2324.0,Tottenham,0.11513859275053304,2022
Miguel Britos,1415,ITA-Serie A,Napoli,0.06020066889632107,0.06348877563997854,0.014998857866362186,1516.0,Watford,0.0,2014
Mikkel Damsgaard,2021,ITA-Serie A,Sampdoria,0.30456852791878175,0.16973789370037276,0.10768029068213732,2223.0,Brentford,0.0,2020
Modibo Maiga,1415,FRA-Ligue 1,Metz,0.4602272727272727,0.21896436642220413,0.08100410178832879,1516.0,West Ham,5.0,2014
Mohamed Salah,1617,ITA-Serie A,Roma,0.9367493995196157,0.483205042096426,0.34708815230857476,1718.0,Liverpool,1.2796208530805686,2016
Mohammed Salisu,1920,ESP-La Liga,Real Valladolid,0.06590992310508971,0.039412676974318044,0.005185545699385137,2021.0,Southampton,0.0,2019
Moise Kean,1819,ITA-Serie A,Juventus,1.0246679316888045,0.6509370276213146,0.06796040029690885,1920.0,Everton,0.4597701149425288,2018
Molla Wagué,1617,ITA-Serie A,Udinese,0.0,0.045725667538742215,0.0024085499656697,1718.0,Watford,0.2040816326530612,2016
Morgan Sanson,1920,FRA-Ligue 1,Marseille,0.36585365853658536,0.16987166110032456,0.14014517502268636,2021.0,Aston Villa,0.0,2019
Morgan Sanson,2021,FRA-Ligue 1,Marseille,0.5376344086021505,0.09556184012082315,0.323026799546775,2223.0,Aston Villa,0.0,2020
Moussa Diaby,2223,GER-Bundesliga,Bayer Leverkusen,0.5592105263157895,0.3117200988344848,0.2810041026187767,2324.0,Aston Villa,0.5642633228840126,2022
Moussa Niakhate,2021,GER-Bundesliga,Mainz 05,0.12556679455877223,0.0514649359927096,0.0528476758427037,2223.0,Nottingham Forest,0.0,2020
N'Golo Kanté,1415,FRA-Ligue 1,Caen,0.19780219780219782,0.045053761060608426,0.07051169346825015,1516.0,Leicester,0.14945200929923613,2014
Nabil Bentaleb,1819,GER-Bundesliga,Schalke 04,0.15033407572383073,0.05167391805086112,0.06878172911087545,1920.0,Newcastle United,0.0,2018
Naby Keita,1718,GER-Bundesliga,RasenBallsport Leipzig,0.5025380710659898,0.15172897226314255,0.19023991222044234,1819.0,Liverpool,0.19189765458422176,2017
Naif Aguerd,2021,FRA-Ligue 1,Rennes,0.11435832274459976,0.09410410423335897,0.02012900946593194,2223.0,West Ham,0.11249999999999999,2020
Nampalys Mendy,1516,FRA-Ligue 1,Nice,0.07955215085444903,0.003597845919386352,0.008881533750029402,1617.0,Leicester,0.0,2015
Nampalys Mendy,1718,FRA-Ligue 1,Nice,0.09307135470527406,0.00218070839313094,0.004862215131089752,1819.0,Leicester,0.0,2017
Naouirou Ahamada,2223,GER-Bundesliga,VfB Stuttgart,0.25245441795231416,0.03874530896889294,0.06994907438577391,2324.0,Crystal Palace,0.0,2022
Neal Maupay,1516,FRA-Ligue 1,Saint-Etienne,0.5283757338551859,0.1614947472890354,0.2286002834358502,1920.0,Brighton,0.4205607476635514,2015
Neto,2021,ESP-La Liga,Barcelona,0.0,0.0,0.0,2223.0,Bournemouth,0.0,2020
Nicolas Jackson,2223,ESP-La Liga,Villarreal,0.8905380333951763,0.476597675600941,0.2305967904323218,2324.0,Chelsea,0.6068133427963095,2022
Nicolas Pepe,1819,FRA-Ligue 1,Lille,0.8910891089108911,0.3680846572817579,0.28024346581941034,1920.0,Arsenal,0.44532409698169223,2018
Nicolo Zaniolo,2223,ITA-Serie A,Roma,0.09933774834437087,0.40060083468179436,0.0889690617555814,2324.0,Aston Villa,0.21951219512195122,2022
Nicolás Domínguez,2223,ITA-Serie A,Bologna,0.19421665947345707,0.0820261986992922,0.1347121923846781,2324.0,Nottingham Forest,0.23331173039533376,2022
Nicolás Otamendi,1415,ESP-La Liga,Valencia,0.17408123791102514,0.09027525391681858,0.002356447780241817,1516.0,Manchester City,0.03367003367003367,2014
Nolito,1516,ESP-La Liga,Celta Vigo,0.6914678528103518,0.2621037943843787,0.26880158862386017,1617.0,Manchester City,0.6870229007633588,2015
Nordin Amrabat,1415,ESP-La Liga,Malaga,0.4418262150220913,0.18014056830281538,0.1843073045003704,1516.0,Watford,0.0,2014
Nordin Amrabat,1516,ESP-La Liga,Malaga,0.08832188420019627,0.11708520617888064,0.22814273326068213,1617.0,Watford,0.12735849056603774,2015
Nuno Tavares,2223,FRA-Ligue 1,Marseille,0.22988505747126436,0.17069677715243278,0.12078844695940784,2324.0,Nottingham Forest,0.0,2022
Nyom,1415,ESP-La Liga,Granada,0.030100334448160536,0.021623831099042527,0.052864486722269385,1516.0,Watford,0.03624647603705195,2014
Nélson Semedo,1920,ESP-La Liga,Barcelona,0.12875536480686695,0.02895627434609274,0.09711853720151815,2021.0,Wolverhampton Wanderers,0.06012024048096193,2019
Odsonne Edouard,1617,FRA-Ligue 1,Toulouse,0.1624548736462094,0.25493487507266255,0.031767578842622705,2223.0,Crystal Palace,0.34634414513468936,2016
Okay Yokuslu,1920,ESP-La Liga,Celta Vigo,0.09027081243731194,0.018613642981180636,0.052805140104477365,2021.0,West Bromwich Albion,0.0677710843373494,2019
Ola Aina,1920,ITA-Serie A,Torino,0.08678881388621022,0.01757850178958365,0.09798935714663658,2021.0,Fulham,0.10063361908311592,2019
Ola Aina,2223,ITA-Serie A,Torino,0.20761245674740486,0.08467085156783101,0.2153964527595827,2324.0,Nottingham Forest,0.10404624277456648,2022
Ola Toivonen,1415,FRA-Ligue 1,Rennes,0.29850746268656714,0.3067505857976737,0.10097885796272042,1516.0,Sunderland,0.2694610778443114,2014
Oliver Burke,1617,GER-Bundesliga,RasenBallsport Leipzig,0.4545454545454546,0.3623600033196536,0.2373813798255993,1718.0,West Bromwich Albion,0.5357142857142857,2016
Oliver Burke,1920,ESP-La Liga,Alaves,0.12875536480686695,0.1701762170287033,0.08429212635582864,2021.0,Sheffield United,0.14150943396226415,2019
Ondrej Duda,1819,GER-Bundesliga,Hertha Berlin,0.555984555984556,0.23445022532637283,0.20800636198846298,1920.0,Norwich,0.0,2018
Orel Mangala,2021,GER-Bundesliga,VfB Stuttgart,0.17061611374407584,0.049494454566548225,0.07426559816057225,2223.0,Nottingham Forest,0.11385199240986718,2020
Orestis Karnezis,1617,ITA-Serie A,Udinese,0.0,0.0,0.0009448540971634226,1718.0,Watford,0.0,2016
Oriol Romeu,1415,GER-Bundesliga,VfB Stuttgart,0.0,0.019708517933839806,0.007456272100654814,1516.0,Southampton,0.05632040050062578,2014
Ozan Kabak,1920,GER-Bundesliga,Schalke 04,0.20350480497456191,0.08566784593732076,0.015436195894241873,2021.0,Liverpool,0.0,2019
Pablo Fornals,1819,ESP-La Liga,Villarreal,0.18101367658889783,0.1417884220648632,0.19569099748886262,1920.0,West Ham,0.28767123287671237,2018
Pablo Hernández,1718,ESP-La Liga,Celta Vigo,0.24848150193263388,0.07296481525113015,0.0872320263306618,2021.0,Leeds,0.4466501240694789,2017
Pablo Sarabia,2021,FRA-Ligue 1,Paris Saint Germain,0.6917755572636434,0.44598914316349264,0.4309055129557184,2223.0,Wolverhampton Wanderers,0.11421319796954314,2020
Pape Sarr,2021,FRA-Ligue 1,Metz,0.17002518891687657,0.04490284327774189,0.023196196648050612,2223.0,Tottenham,0.44999999999999996,2020
Pape Souaré,1415,FRA-Ligue 1,Lille,0.0,0.005187269393549079,0.023742807107454546,1516.0,Crystal Palace,0.02983095790520384,2014
Papy Djilobodji,1516,GER-Bundesliga,Werder Bremen,0.21428571428571427,0.16979359289897342,0.061384365295193026,1617.0,Sunderland,0.0,2015
Pascal Groß,1617,GER-Bundesliga,Ingolstadt,0.29626920263350404,0.1120159607421506,0.2537136681135349,1718.0,Brighton,0.45317220543806647,2016
Patrick Cutrone,1819,ITA-Serie A,AC Milan,0.31960227272727276,0.21033264953240924,0.11263661756608849,1920.0,Wolverhampton Wanderers,0.6185567010309279,2018
Patrick Cutrone,1920,ITA-Serie A,Fiorentina,0.5415162454873647,0.4677277588241798,0.15866763667886008,2021.0,Wolverhampton Wanderers,0.0,2019
Patrick Roberts,1819,ESP-La Liga,Girona,0.0,0.13307455139699534,0.057654074805904114,1920.0,Norwich,0.0,2018
Pau Torres,2223,ESP-La Liga,Villarreal,0.029459901800327332,0.06241224370226142,0.0334554412897597,2324.0,Aston Villa,0.0729631130928253,2022
Paul Pogba,1516,ITA-Serie A,Juventus,0.5966191581040768,0.21838765217866135,0.21181699693607975,1617.0,Manchester United,0.3108211818879509,2015
Pedro,1415,ESP-La Liga,Barcelona,0.7091267235718977,0.46129551777910893,0.38020144047329324,1516.0,Chelsea,0.39301310043668125,2014
Pedro Obiang,1415,ITA-Serie A,Sampdoria,0.12987012987012986,0.12766595497461303,0.08724551324357653,1516.0,West Ham,0.08419083255378858,2014
Pedro Porro,1920,ESP-La Liga,Real Valladolid,0.0,0.0018124596283308552,0.01860444040309061,2223.0,Tottenham,0.4679376083188908,2019
Philippe Coutinho,2021,ESP-La Liga,Barcelona,0.5397301349325337,0.5788570796062742,0.09172825435961204,2223.0,Aston Villa,0.12,2020
Pierre-Emerick Aubameyang,1617,GER-Bundesliga,Borussia Dortmund,1.066427289048474,0.9085278359761788,0.1454723231641566,1718.0,Arsenal,1.1931818181818183,2016
Pierre-Emerick Aubameyang,1718,GER-Bundesliga,Borussia Dortmund,1.0133708655876144,0.8627988850562862,0.16202206726669005,1819.0,Arsenal,0.8868613138686132,2017
Pierre-Emile Højbjerg,1516,GER-Bundesliga,Schalke 04,0.07075471698113207,0.08156866803853158,0.017357037516908265,1617.0,Southampton,0.0,2015
Pontus Jansson,1516,ITA-Serie A,Torino,0.14634146341463417,0.0487976346800967,0.006598697566404571,2223.0,Brentford,0.12430939226519337,2015
Rachid Ghezzal,1718,FRA-Ligue 1,Monaco,0.45454545454545453,0.2140870007093657,0.2617142612791874,1819.0,Leicester,0.12311901504787963,2017
Ragnar Klavan,1516,GER-Bundesliga,Augsburg,0.0,0.021278935417420642,0.01342553563167384,1617.0,Liverpool,0.0,2015
Ralf Fährmann,1819,GER-Bundesliga,Schalke 04,0.0,0.0,0.0,1920.0,Norwich,0.0,2018
Raphael Varane,2021,ESP-La Liga,Real Madrid,0.06622516556291391,0.09033231329888303,0.005641596727936669,2223.0,Manchester United,0.0,2020
Raphinha,1920,FRA-Ligue 1,Rennes,0.42303172737955347,0.24272704219005642,0.25056870121806507,2021.0,Leeds,0.5698607007176023,2019
Rasmus Højlund,2223,ITA-Serie A,Atalanta,0.5362946912242686,0.5015571605321322,0.09266282506448541,2324.0,Manchester United,0.48868778280542985,2022
Rayan Ait Nouri,1920,FRA-Ligue 1,Angers,0.13921113689095127,0.016549517705241375,0.044640423470714806,2021.0,Wolverhampton Wanderers,0.1272984441301273,2019
Raúl Jiménez,1415,ESP-La Liga,Atletico Madrid,0.48387096774193544,0.44164468233864146,0.3392082176381542,1819.0,Wolverhampton Wanderers,0.5727012408526885,2014
Reiss Nelson,1819,GER-Bundesliga,Hoffenheim,1.0310965630114566,0.474730435417395,0.12279081452522067,1920.0,Arsenal,0.14492753623188406,2018
Remo Freuler,2021,ITA-Serie A,Atalanta,0.16507703595011006,0.06638662487826012,0.13052671730944715,2223.0,Nottingham Forest,0.0,2020
Renan Lodi,2021,ESP-La Liga,Atletico Madrid,0.24324324324324323,0.05851713245784914,0.15258767923994643,2223.0,Nottingham Forest,0.04025044722719141,2020
Renato Sanches,1617,GER-Bundesliga,Bayern Munich,0.0,0.03716114614195272,0.01826113205196802,1718.0,Swansea,0.0,2016
Ricardo Pereira,1617,FRA-Ligue 1,Nice,0.26226323457989315,0.06549396673819,0.15028763833831618,1819.0,Leicester,0.23010546500479387,2016
Roberto Firmino,1415,GER-Bundesliga,Hoffenheim,0.5237932214994865,0.2810648824631892,0.27729805408747726,1516.0,Liverpool,0.7630922693266833,2014
Roberto Jiménez,1718,ESP-La Liga,Malaga,0.0,0.002022008904639412,0.0011322441072586676,1920.0,West Ham,0.0,2017
Roberto Pereyra,1516,ITA-Serie A,Juventus,0.11264080100125155,0.06912433604088533,0.26096482187724007,1617.0,Watford,0.3448275862068966,2015
Robin Koch,1920,GER-Bundesliga,Freiburg,0.03323485967503693,0.139568294835259,0.0427821980159251,2021.0,Leeds,0.0,2019
Robin Olsen,1920,ITA-Serie A,Cagliari,0.0,0.0,0.0,2021.0,Everton,0.0,2019
Rodri,1819,ESP-La Liga,Atletico Madrid,0.1309090909090909,0.09181762338361957,0.04832843204790895,1920.0,Manchester City,0.18086816720257234,2018
Rodrigo,1920,ESP-La Liga,Valencia,0.5177824267782427,0.3403709795536419,0.2729509578857992,2021.0,Leeds,0.6303501945525292,2019
Rodrigo Bentancur,2021,ITA-Serie A,Juventus,0.15384615384615385,0.02268692274362995,0.10301956992882949,2223.0,Tottenham,0.4155672823218997,2020
Romain Faivre,2223,FRA-Ligue 1,Lorient,0.5263157894736842,0.16992099141996156,0.1588467917029272,2324.0,Bournemouth,0.0,2022
Romain Perraud,2021,FRA-Ligue 1,Brest,0.2866242038216561,0.07776569502701046,0.08966430207228016,2223.0,Southampton,0.19543973941368079,2020
Romain Saiss,1516,FRA-Ligue 1,Angers,0.11556982343499196,0.07115897177202839,0.03493884875234306,1819.0,Wolverhampton Wanderers,0.1588702559576346,2015
Ron-Robert Zieler,1516,GER-Bundesliga,Hannover 96,0.0,0.0,0.0,1617.0,Leicester,0.0,2015
Roque Mesa,1617,ESP-La Liga,Las Palmas,0.08884501480750247,0.029200059908781446,0.06010198554709951,1718.0,Swansea,0.0,2016
Ross Barkley,2223,FRA-Ligue 1,Nice,0.5934065934065934,0.4550794312771369,0.24903501527240643,2324.0,Luton,0.3083365055196041,2022
Ryan Babel,1617,ESP-La Liga,Deportivo La Coruna,0.8122743682310469,0.1992647291668808,0.037790708250571244,1819.0,Fulham,0.5642633228840126,2016
Ryan Gravenberch,2223,GER-Bundesliga,Bayern Munich,0.0,0.13239224234585292,0.06223273539537496,2324.0,Liverpool,0.08064516129032258,2022
Ryan Sessegnon,2021,GER-Bundesliga,Hoffenheim,0.2871729419272495,0.044995808347479585,0.09167552585092485,2223.0,Tottenham,0.2222222222222222,2020
Rúnar Alex Rúnarsson,1920,FRA-Ligue 1,Dijon,0.0,0.0,0.0,2021.0,Arsenal,0.0,2019
Samir Nasri,1617,ESP-La Liga,Sevilla,0.24350649350649348,0.13910568893778247,0.19313546998256984,1819.0,West Ham,0.7377049180327868,2016
Sandro Ramírez,1617,ESP-La Liga,Malaga,0.6591986212839294,0.242527087842215,0.11627051951616477,1718.0,Everton,0.0,2016
Sandro Tonali,2223,ITA-Serie A,AC Milan,0.2977941176470588,0.07758753023945783,0.2230082354919218,2324.0,Newcastle United,0.20642201834862386,2022
Santiago Bueno,2223,ESP-La Liga,Girona,0.02983095790520384,0.023289666633668975,0.029014985479616957,2324.0,Wolverhampton Wanderers,0.0,2022
Sasa Kalajdzic,2021,GER-Bundesliga,VfB Stuttgart,0.880708294501398,0.47131500222511025,0.13574703928961557,2223.0,Wolverhampton Wanderers,0.0,2020
Sasa Lukic,2021,ITA-Serie A,Torino,0.1275992438563327,0.08288995288875804,0.053843873912127006,2223.0,Fulham,0.0,2020
Sasa Lukic,2223,ITA-Serie A,Torino,0.1507537688442211,0.08970948844099763,0.10095774233528416,2324.0,Fulham,0.08130081300813008,2022
Sead Kolasinac,1617,GER-Bundesliga,Schalke 04,0.3474903474903475,0.1046629945979486,0.12349299577686892,1718.0,Arsenal,0.25069637883008355,2016
Sebastian Prödl,1415,GER-Bundesliga,Werder Bremen,0.2067777139574957,0.11622291571839934,0.05926436259443906,1516.0,Watford,0.10146561443066515,2014
Serge Aurier,1617,FRA-Ligue 1,Paris Saint Germain,0.14754098360655737,0.17135050443962951,0.15239552409983562,1718.0,Tottenham,0.25139664804469275,2016
Sergio Gómez,2021,ESP-La Liga,SD Huesca,0.12195121951219513,0.08941586708604564,0.10894962041298065,2223.0,Manchester City,0.27607361963190186,2020
Sergio Reguilón,1920,ESP-La Liga,Sevilla,0.2151394422310757,0.08820638672051677,0.14684525422336334,2021.0,Tottenham,0.1195748449955713,2019
Sergio Rico,1718,ESP-La Liga,Sevilla,0.0,0.0,0.0,1819.0,Fulham,0.0,2017
Sergio Romero,1415,ITA-Serie A,Sampdoria,0.0,0.0,0.0,1516.0,Manchester United,0.0,2014
Seydou Doumbia,1415,ITA-Serie A,Roma,0.3339517625231911,0.14769112034692172,0.019163839131980734,1516.0,Newcastle United,0.0,2014
Shinji Okazaki,1415,GER-Bundesliga,Mainz 05,0.48439181916038754,0.3175254497352278,0.10571026985119504,1516.0,Leicester,0.21377672209026127,2014
Shkodran Mustafi,1516,ESP-La Liga,Valencia,0.06711409395973154,0.05160039222030432,0.04013527528501597,1617.0,Arsenal,0.158311345646438,2015
Simone Zaza,1516,ITA-Serie A,Juventus,0.6998444790046656,0.3424540612829232,0.046251154248349205,1617.0,West Ham,0.0,2015
Sofiane Boufal,1516,FRA-Ligue 1,Lille,0.5742237345810293,0.12651871339988827,0.3189187098384816,1617.0,Southampton,0.08256880733944955,2015
Sofiane Boufal,1819,ESP-La Liga,Celta Vigo,0.2554399243140965,0.14947665331915175,0.154379251718789,1920.0,Southampton,0.24128686327077745,2018
Sofiane Feghouli,1516,ESP-La Liga,Valencia,0.14365522745411013,0.20240965289645735,0.21685364291202708,1617.0,West Ham,0.5222437137330754,2015
Sofyan Amrabat,2223,ITA-Serie A,Fiorentina,0.044642857142857144,0.017816472557439865,0.03613007737190596,2324.0,Manchester United,0.0,2022
Sokratis,1718,GER-Bundesliga,Borussia Dortmund,0.07575757575757576,0.044765932570126926,0.00836031066931107,1819.0,Arsenal,0.12283894449499545,2017
Son Heung-Min,1415,GER-Bundesliga,Bayer Leverkusen,0.5075921908893709,0.20835966215248738,0.10675964868928502,1516.0,Tottenham,0.4054054054054054,2014
Stefan Ortega Moreno,2021,GER-Bundesliga,Arminia Bielefeld,0.029411764705882353,0.0,0.007527943974470391,2223.0,Manchester City,0.0,2020
Stefano Okaka,1415,ITA-Serie A,Sampdoria,0.22651006711409397,0.3037773620301308,0.09961952716299652,1617.0,Watford,0.38257173219978746,2014
Stephan Lichtsteiner,1718,ITA-Serie A,Juventus,0.10404624277456648,0.003108698901628824,0.04065025806685404,1819.0,Arsenal,0.0,2017
Steve Mandanda,1516,FRA-Ligue 1,Marseille,0.0,0.0,0.0,1617.0,Crystal Palace,0.0,2015
Steve Mounie,1617,FRA-Ligue 1,Montpellier,0.5389221556886228,0.36851518466286604,0.0913909016824621,1718.0,Huddersfield,0.38918918918918916,2016
Sven Botman,2021,FRA-Ligue 1,Lille,0.0,0.021920754270174106,0.006850995188081094,2223.0,Newcastle United,0.0,2020
Sébastien Haller,1819,GER-Bundesliga,Eintracht Frankfurt,0.9926470588235294,0.4723984111264786,0.30465346425497797,1920.0,West Ham,0.3202846975088968,2018
Taiwo Awoniyi,2021,GER-Bundesliga,Union Berlin,0.4578488372093023,0.4260919239848505,0.0830012709470899,2223.0,Nottingham Forest,0.6942496493688639,2020
Takehiro Tomiyasu,2021,ITA-Serie A,Bologna,0.0661521499448732,0.07560152997896322,0.014232555558327932,2223.0,Arsenal,0.14240506329113925,2020
Tanguy NDombele Alvaro,1819,FRA-Ligue 1,Lyon,0.2674591381872214,0.06401750525144133,0.12447960532919392,1920.0,Tottenham,0.3592814371257485,2018
Thiago Alcántara,1920,GER-Bundesliga,Bayern Munich,0.15228426395939088,0.1311088757126162,0.05568271285386255,2021.0,Liverpool,0.0482573726541555,2019
Thiago Silva,1920,FRA-Ligue 1,Paris Saint Germain,0.0,0.012642043404290532,0.0,2021.0,Chelsea,0.09287925696594426,2019
Thilo Kehrer,2021,FRA-Ligue 1,Paris Saint Germain,0.0,0.0225423665221081,0.03238631633162053,2223.0,West Ham,0.0807899461400359,2020
Thomas Partey,1920,ESP-La Liga,Atletico Madrid,0.10613207547169812,0.06940247762271749,0.03693991222084975,2021.0,Arsenal,0.11665586519766688,2019
Thomas Strakosha,2021,ITA-Serie A,Lazio,0.0,0.0,0.0,2324.0,Brentford,0.0,2020
Tiemoué Bakayoko,1617,FRA-Ligue 1,Monaco,0.12162162162162161,0.07954895345343126,0.04206499480013106,1718.0,Chelsea,0.16997167138810196,2016
Timm Klose,1415,GER-Bundesliga,Wolfsburg,0.09384775808133473,0.02580541161756197,0.005530889444169708,1516.0,Norwich,0.10600706713780919,2014
Timm Klose,1516,GER-Bundesliga,Wolfsburg,0.14218009478672985,0.037361900255931495,0.002726260749225924,1920.0,Norwich,0.0,2015
Timo Werner,1920,GER-Bundesliga,RasenBallsport Leipzig,1.1469026548672567,0.6746094274046147,0.3082609669165274,2021.0,Chelsea,0.48368522072936665,2019
Timo Werner,2223,GER-Bundesliga,RasenBallsport Leipzig,0.549618320610687,0.445334940636886,0.13148644651847943,2324.0,Tottenham,0.5441354292623942,2022
Timothy Castagne,1920,ITA-Serie A,Atalanta,0.1532349602724177,0.10092127228855542,0.1363041392283326,2021.0,Leicester,0.19157088122605362,2019
Tomer Hemed,1415,ESP-La Liga,Almeria,0.46272493573264784,0.3257507089032267,0.09199859818639976,1718.0,Brighton,0.42402826855123676,2014
Trevoh Chalobah,2021,FRA-Ligue 1,Lorient,0.16078606520768202,0.09448310138192652,0.02999762788601303,2223.0,Chelsea,0.0,2020
Tyler Adams,2021,GER-Bundesliga,RasenBallsport Leipzig,0.09719222462203023,0.06735254976230616,0.04312093503427235,2223.0,Leeds,0.0,2020
Uwe Hünemeier,1415,GER-Bundesliga,Paderborn,0.1278409090909091,0.05983707932914099,0.039056938023184724,1718.0,Brighton,0.0,2014
Valentino Lazaro,1819,GER-Bundesliga,Hertha Berlin,0.2952971199416697,0.07128172295016612,0.21792958229114723,1920.0,Newcastle United,0.19780219780219782,2018
Valon Behrami,1415,GER-Bundesliga,Hamburger SV,0.0,0.018423018476125777,0.011344848210405432,1516.0,Watford,0.07009345794392523,2014
Vicente Guaita,1718,ESP-La Liga,Getafe,0.0,0.0,0.004459151715943306,1819.0,Crystal Palace,0.0,2017
Vicente Iborra,1617,ESP-La Liga,Sevilla,0.5578512396694215,0.3417521736138185,0.12238112035830898,1718.0,Leicester,0.1896067415730337,2016
Vinicius Souza,2223,ESP-La Liga,Espanyol,0.07404360345536816,0.03413064152091214,0.017942085330413228,2324.0,Sheffield United,0.033632286995515695,2022
Víctor Camarasa,1718,ESP-La Liga,Real Betis,0.07182761372705507,0.10233163840307631,0.09166428992481633,1819.0,Cardiff,0.3108211818879509,2017
Víctor Ibarbo,1415,ITA-Serie A,Cagliari,0.27607361963190186,0.27398858162248796,0.2696638626783538,1516.0,Watford,0.0,2014
Wahbi Khazri,1415,FRA-Ligue 1,Bordeaux,0.5260960334029228,0.2234161868924761,0.17958979788459917,1516.0,Sunderland,0.24839006439742412,2014
Wahbi Khazri,1516,FRA-Ligue 1,Bordeaux,0.6712243629583593,0.25543828598455737,0.2712565863527001,1617.0,Sunderland,0.1092233009708738,2015
Wataru Endo,2223,GER-Bundesliga,VfB Stuttgart,0.27654489586889724,0.15866291356301931,0.13636375276626844,2324.0,Liverpool,0.05238649592549476,2022
Wesley Fofana,1920,FRA-Ligue 1,Saint-Etienne,0.0741962077493817,0.06123671300481983,0.0026765093898365342,2021.0,Leicester,0.0,2019
Wesley Hoedt,1617,ITA-Serie A,Lazio,0.09574468085106383,0.061005068819058386,0.006984560017256026,1718.0,Southampton,0.03571428571428571,2016
Weston McKennie,2021,ITA-Serie A,Juventus,0.3741092636579572,0.27787105629393155,0.2072159499936514,2223.0,Leeds,0.06206896551724138,2020
William Saliba,2021,FRA-Ligue 1,Nice,0.05,0.03870440078899264,0.00199285503476858,2223.0,Arsenal,0.11166253101736973,2020
Willian José,1920,ESP-La Liga,Real Sociedad,0.5317577548005908,0.5190936055590167,0.0727866417515137,2021.0,Wolverhampton Wanderers,0.08014247551202137,2019
Wilson Odobert,2223,FRA-Ligue 1,Troyes,0.3078677309007982,0.15076316619119867,0.09198938869683236,2324.0,Burnley,0.20930232558139533,2022
Wout Faes,2021,FRA-Ligue 1,Reims,0.031002411298656565,0.04795128944298799,0.0016187971038856123,2223.0,Leicester,0.0967741935483871,2020
Wout Weghorst,2021,GER-Bundesliga,Wolfsburg,0.8530805687203792,0.4886037889696511,0.1653547529900445,2223.0,Manchester United,0.11278195488721804,2020
Xherdan Shaqiri,1415,ITA-Serie A,Inter,0.36535859269282817,0.09677405271260762,0.26699176196800356,1516.0,Stoke,0.3909266409266409,2014
Yasser Larouci,2223,FRA-Ligue 1,Troyes,0.09911894273127754,0.02516860872638383,0.055964767516463475,2324.0,Sheffield United,0.0,2022
Yoane Wissa,2021,FRA-Ligue 1,Lorient,0.46787968808020797,0.31993070162896364,0.11948795737736714,2223.0,Brentford,0.5685407454200885,2020
Yohan Benalouane,1415,ITA-Serie A,Atalanta,0.04111466423024212,0.028018491455834987,0.003176473724400955,1516.0,Leicester,0.0,2014
Yohan Cabaye,1415,FRA-Ligue 1,Paris Saint Germain,0.18652849740932645,0.10024207677943102,0.10247850604355337,1516.0,Crystal Palace,0.19794721407624635,2014
Yoshinori Muto,1718,GER-Bundesliga,Mainz 05,0.47095761381475665,0.2271520642905819,0.08178619821402397,1819.0,Newcastle United,0.17578125,2017
Youri Tielemans,1718,FRA-Ligue 1,Monaco,0.05772931366260423,0.06987234507045201,0.0706565516300122,1819.0,Leicester,0.5737704918032788,2017
Youri Tielemans,1819,FRA-Ligue 1,Monaco,0.32028469750889677,0.0979868373154162,0.10826177437693622,1920.0,Leicester,0.2843102843102843,2018
Yves Bissouma,1718,FRA-Ligue 1,Lille,0.17352185089974295,0.11872481329696957,0.0437334416898633,1819.0,Brighton,0.0,2017
Zack Steffen,1920,GER-Bundesliga,Fortuna Duesseldorf,0.0,0.0,0.0022009118076633002,2021.0,Manchester City,0.0,2019
Zanka,1920,GER-Bundesliga,Fortuna Duesseldorf,0.18404907975460122,0.0,0.013473459913686736,2223.0,Brentford,0.0,2019
Zlatan Ibrahimovic,1516,FRA-Ligue 1,Paris Saint Germain,1.7978848413631021,0.8392147064103923,0.32073730489044294,1617.0,Manchester United,0.813141683778234,2015
Álex Moreno,2021,ESP-La Liga,Real Betis,0.10072747621712368,0.052949569214637816,0.13998977532459161,2223.0,Aston Villa,0.20059435364041606,2020
Álex Moreno,2223,ESP-La Liga,Real Betis,0.2,0.10262445223828157,0.11517178391416866,2324.0,Aston Villa,0.17424975798644723,2022
Álvaro Morata,1617,ESP-La Liga,Real Madrid,1.2895927601809956,0.6460042246006329,0.2604252364638165,1718.0,Chelsea,0.7394876752054133,2016
Álvaro Negredo,1516,ESP-La Liga,Valencia,0.5502183406113538,0.5308376723640156,0.24091401670176912,1617.0,Middlesbrough,0.40470425458318926,2015
Ørjan Nyland,1617,GER-Bundesliga,Ingolstadt,0.0,0.0,0.0,1920.0,Aston Villa,0.0,2016
