Name,Origin_Season,Origin_League,Pre_PL_G_A,Pre_PL_npxG,Pre_PL_xA,Finishing_Overperf,League_Quality_Score,Season_Control,PL_Raw_GA,PL_NP_GA,Pre_PL_Shots_p90,Pre_PL_KeyPasses_p90,Origin_League_Avg_xG_p90,Origin_League_Avg_xA_p90,Origin_League_Avg_Shots_p90,Origin_League_Avg_KP_p90
Aaron Hickey,2021,ITA-Serie A,0.0,0.0045732924272123,0.0054989062132941,-0.0100721986405065,0.9,2020,0.0459652706843718,0.0459652706843718,0.2349869451697128,0.2349869451697128,0.14247660898399242,0.09696492195307051,1.1738422677101643,0.8669021305108874
Abdoulaye Doucouré,1516,FRA-Ligue 1,0.3833865814696485,0.1979144271939231,0.1444921049827965,0.0409800492929288,0.8,2015,0.0667160859896219,0.0667160859896219,1.9169329073482428,1.9169329073482428,0.1162467877906303,0.08239113878817568,1.1188144655972636,0.8171192961600087
Adama Traoré,1920,FRA-Ligue 1,0.4318618042226487,0.1176217235017017,0.1966388579708257,0.1176012227501212,0.8,2019,0.1368821292775665,0.1368821292775665,1.4683301343570059,3.109404990403071,0.12111780511341333,0.08288253026821066,1.168083013704616,0.8623501722222123
Ademola Lookman,1718,GER-Bundesliga,1.243523316062176,0.4473391275640596,0.4369497328147369,0.3592344556833795,1.0,2017,0.3130434782608695,0.3130434782608695,2.0207253886010363,2.6424870466321244,0.13286080357998578,0.09269296803779477,1.2226088901378205,0.8894400372673373
Adrián,1415,ESP-La Liga,0.0470219435736677,0.1031936878677119,0.0388552755012314,-0.0950270197952756,1.0,2014,0.0,0.0,1.4106583072100314,0.6112852664576803,0.12266772239344242,0.083810392042771,1.109812637984015,0.7834857559084347
Alexander Isak,2021,ESP-La Liga,0.6781079949769778,0.5923804424331995,0.0693747529806004,0.0163527995631779,1.0,2020,0.6470588235294118,0.5294117647058824,3.0514859773964003,0.37672666387609877,0.11837934465631214,0.07949886487748277,1.0114392809538189,0.7308285720469622
Alexandre Lacazette,1617,FRA-Ligue 1,1.1548013245033113,0.4974197141289563,0.2480327311921741,0.4093488791821809,0.8,2016,0.7248322147651007,0.6442953020134229,3.1663907284768213,1.8625827814569536,0.11869735333391775,0.08309402362739356,1.1412417079388386,0.828458156011306
Alisson,1718,ITA-Serie A,0.0,0.0,0.0001724435117196,-0.0001724435117196,0.9,2017,0.0,0.0,0.0,0.02702702702702703,0.11716528631159288,0.08054903690488423,1.151982831955754,0.8658703926102816
Allan,1920,ITA-Serie A,0.2097902097902098,0.0399789583406873,0.0732606375863502,0.0965506138631722,0.9,2019,0.0,0.0,0.8391608391608392,1.048951048951049,0.14006362798283753,0.0933927030281109,1.3346376392847148,0.9836501880881074
Allan Saint-Maximin,1819,FRA-Ligue 1,0.2766393442622951,0.1823233118563219,0.2042275587226585,-0.1099115263166853,0.8,2018,0.3322784810126582,0.3322784810126582,2.305327868852459,1.752049180327869,0.1243901930736094,0.08050706381799401,1.1828251365352067,0.83945176246747
Andreas Christensen,1617,GER-Bundesliga,0.0646784045993532,0.0528923836391134,0.0145274613278827,-0.0027414403676429,1.0,2016,0.0,0.0,0.42040962989579594,0.12935680919870643,0.12792494903822196,0.09548182894179166,1.1572051628127962,0.8665434814759735
Andreas Pereira,2021,ITA-Serie A,0.5443548387096774,0.1392379782778481,0.2390841800426584,0.1660326803891708,0.9,2020,0.325497287522604,0.2929475587703435,2.5403225806451615,2.3588709677419355,0.14247660898399242,0.09696492195307051,1.1738422677101643,0.8669021305108874
André Ayew,1415,FRA-Ligue 1,0.4511278195488721,0.3606001557992365,0.1201229461965928,-0.0295952824469571,0.8,2014,0.4246713852376137,0.4246713852376137,1.9548872180451127,0.8270676691729323,0.11263332617924589,0.07415190993983715,1.079115209499508,0.7521590630429674
André Gomes,1718,ESP-La Liga,0.0,0.107295916548797,0.0232983151716845,-0.1305942317204816,1.0,2017,0.0899550224887556,0.0899550224887556,1.0,0.42857142857142855,0.12332007499011235,0.09088967724842442,1.099915025068942,0.8134904087137277
André Onana,2223,ITA-Serie A,0.0,0.0,0.0040817488916218,-0.0040817488916218,0.9,2022,0.0,0.0,0.0,0.125,0.1284096390494249,0.09071888897915764,1.2476647081505758,0.8966142953968871
André Schürrle,1718,GER-Bundesliga,0.3643724696356275,0.2077613288031416,0.2545364505426604,-0.0979253097101744,1.0,2017,0.3233532934131736,0.3233532934131736,2.6234817813765186,1.3117408906882593,0.13286080357998578,0.09269296803779477,1.2226088901378205,0.8894400372673373
Angelo Ogbonna,1415,ITA-Serie A,0.0,0.0478525726269564,0.0060655109081374,-0.0539180835350938,0.9,2014,0.0,0.0,0.5663615560640732,0.20594965675057209,0.12315198221923442,0.08455125186280919,1.2475606469571767,0.9252732097297275
Anthony Martial,1415,FRA-Ligue 1,0.593732820230896,0.461355177055862,0.1185237463520672,0.0138538968229666,0.8,2014,0.5129179331306991,0.5129179331306991,2.5233644859813085,0.593732820230896,0.11263332617924589,0.07415190993983715,1.079115209499508,0.7521590630429674
Antonio Barragán,1516,ESP-La Liga,0.0,0.0,0.0185616571559053,-0.0185616571559053,1.0,2015,0.0,0.0,0.0,0.37815126050420167,0.12593999927826008,0.09407751956217439,1.09916863848029,0.8087244986184323
Antonio Rüdiger,1617,ITA-Serie A,0.0815586769370185,0.0295524977275862,0.0376924524977499,0.0143137267116823,0.9,2016,0.1155327342747111,0.1155327342747111,0.4077933846850929,0.4893520616221115,0.12424289286205857,0.08514082416392892,1.2080415320839255,0.8913781504199302
Anwar El Ghazi,1718,FRA-Ligue 1,0.4390243902439024,0.2349208873730698,0.1689453250331032,0.0351581778377294,0.8,2017,0.345821325648415,0.3025936599423631,3.347560975609756,1.3719512195121952,0.12230306888390616,0.0814024069134665,1.1736163730436393,0.8396652293432905
Ashley Young,2021,ITA-Serie A,0.313588850174216,0.0956770695343561,0.1340827959547474,0.0838289846851123,0.9,2020,0.0440313111545988,0.0440313111545988,0.9407665505226481,1.818815331010453,0.14247660898399242,0.09696492195307051,1.1738422677101643,0.8669021305108874
Axel Disasi,2223,FRA-Ligue 1,0.1622108741363773,0.0715749435765754,0.0295498690207858,0.0610860615390159,0.8,2022,0.0696055684454756,0.0696055684454756,0.7569840793030941,0.24331631120456595,0.13535208715905508,0.09470209454725483,1.139376874087895,0.8425136237516067
Aymeric Laporte,1718,ESP-La Liga,0.0526315789473684,0.0319142367102597,0.0546174261130784,-0.0339000838759698,1.0,2017,0.176528277214776,0.176528277214776,0.42105263157894735,0.42105263157894735,0.12332007499011235,0.09088967724842442,1.099915025068942,0.8134904087137277
Bernardo,1718,GER-Bundesliga,0.1334321719792439,0.028463183778626,0.0437008171688193,0.0612681710317985,1.0,2017,0.0517241379310344,0.0517241379310344,0.8005930318754633,0.40029651593773163,0.13286080357998578,0.09269296803779477,1.2226088901378205,0.8894400372673373
Bernardo Silva,1617,FRA-Ligue 1,0.5408271474019088,0.1815796381184556,0.2356895120381866,0.1235579972452665,0.8,2016,0.6,0.6,1.9088016967126193,1.9088016967126193,0.11869735333391775,0.08309402362739356,1.1412417079388386,0.828458156011306
Bernd Leno,1718,GER-Bundesliga,0.0,0.0,0.0048451968892054,-0.0048451968892054,1.0,2017,0.0,0.0,0.0,0.09090909090909091,0.13286080357998578,0.09269296803779477,1.2226088901378205,0.8894400372673373
Bertrand Traoré,1920,FRA-Ligue 1,0.2875399361022364,0.2646540024112493,0.2189494613944865,-0.1960635277034994,0.8,2019,0.4953429297205758,0.4953429297205758,2.587859424920128,1.7971246006389776,0.12111780511341333,0.08288253026821066,1.168083013704616,0.8623501722222123
Beto,2223,ITA-Serie A,0.4645706241201314,0.4263090306009305,0.1221780004115283,-0.0839164068923274,0.9,2022,0.3006681514476614,0.3006681514476614,2.576255279211638,0.9713749413420929,0.1284096390494249,0.09071888897915764,1.2476647081505758,0.8966142953968871
Boubacar Kamara,2021,FRA-Ligue 1,0.0617072334590332,0.0203002944466059,0.0544625112226882,-0.0130555722102609,0.8,2020,0.0502793296089385,0.0502793296089385,0.5862187178608159,0.8021940349674322,0.12757076828999744,0.08555579955798066,1.1198783899592826,0.8015829200736356
Boubakary Soumare,2021,FRA-Ligue 1,0.0470465237846314,0.0065034286299661,0.0292924690604116,0.0112506260942537,0.8,2020,0.0,0.0,0.3763721902770517,0.6116048092002091,0.12757076828999744,0.08555579955798066,1.1198783899592826,0.8015829200736356
Bruno,1617,ESP-La Liga,0.2111260053619302,0.057468082444947,0.0487187819745161,0.104939140942467,1.0,2016,0.0,0.0,0.5428954423592492,0.6936997319034852,0.11922709998595336,0.07874500423417105,1.1181375548225625,0.8041952895544978
Bruno Guimarães,2021,FRA-Ligue 1,0.2045454545454545,0.0910433798192322,0.1006955397950316,0.0128065349311906,0.8,2020,0.2932657494569152,0.2932657494569152,1.3806818181818181,0.9204545454545454,0.12757076828999744,0.08555579955798066,1.1198783899592826,0.8015829200736356
Callum Hudson-Odoi,2223,GER-Bundesliga,0.1475409836065573,0.0239234606689605,0.0918104470264716,0.0318070759111252,1.0,2022,0.4392624728850325,0.4392624728850325,0.5901639344262295,1.7704918032786885,0.1438281133071904,0.09941712680693564,1.1976565245214317,0.852762679303867
Carlos Baleba,2223,FRA-Ligue 1,0.0,0.0780741077159409,0.010067810749878,-0.088141918465819,0.8,2022,0.0,0.0,2.347826086956522,0.391304347826087,0.13535208715905508,0.09470209454725483,1.139376874087895,0.8425136237516067
Casemiro,2021,ESP-La Liga,0.31013094417643,0.207480535737215,0.0901175419165195,0.0125328665226954,1.0,2020,0.2961918194640338,0.2961918194640338,1.4266023432115782,0.7753273604410751,0.11837934465631214,0.07949886487748277,1.0114392809538189,0.7308285720469622
Cheick Oumar Doucoure,2021,FRA-Ligue 1,0.1021566401816118,0.0373537691307933,0.0389416579254369,0.0258612131253815,0.8,2020,0.095575221238938,0.095575221238938,1.191827468785471,0.8853575482406356,0.12757076828999744,0.08555579955798066,1.1198783899592826,0.8015829200736356
Chicharito,1617,GER-Bundesliga,0.695364238410596,0.5094624242887197,0.1317383344932798,0.0541634796285964,1.0,2016,0.4724409448818897,0.4724409448818897,2.5827814569536423,1.0927152317880795,0.12792494903822196,0.09548182894179166,1.1572051628127962,0.8665434814759735
Christian Eriksen,2021,ITA-Serie A,0.1927194860813704,0.0758693515815686,0.1534401918751461,-0.0365900573753442,0.9,2020,0.3868194842406877,0.3868194842406877,1.8629550321199144,1.9271948608137046,0.14247660898399242,0.09696492195307051,1.1738422677101643,0.8669021305108874
Christian Fuchs,1415,GER-Bundesliga,0.3152364273204903,0.041578281638188,0.206179112691804,0.0674790329904982,1.0,2014,0.1330376940133037,0.1330376940133037,0.8406304728546409,1.7338003502626969,0.12585429814326204,0.0891297410870744,1.2260459954240324,0.8856488696883693
Christian Pulisic,1819,GER-Bundesliga,0.7860262008733625,0.5067699839763636,0.2917137901058754,-0.0124575732088765,1.0,2018,0.6731875719217492,0.6731875719217492,2.6528384279475983,2.0633187772925767,0.14758824081155159,0.10392209175493067,1.2724372874068033,0.9190828295368096
Claudio Bravo,1516,ESP-La Liga,0.0,0.0,0.0,0.0,1.0,2015,0.0,0.0,0.0,0.0,0.12593999927826008,0.09407751956217439,1.09916863848029,0.8087244986184323
Clement Lenglet,2021,ESP-La Liga,0.0363342753330641,0.0873488712293345,0.0288695001769412,-0.0798840960732115,1.0,2020,0.0882785679254536,0.0882785679254536,0.3996770286637061,0.3270084779975777,0.11837934465631214,0.07949886487748277,1.0114392809538189,0.7308285720469622
Cristhian Stuani,1415,ESP-La Liga,0.621046578493387,0.4410613286124179,0.0440597145369918,0.1359255353439772,1.0,2014,0.2629656683710737,0.2629656683710737,2.3289246693502013,0.4140310523289247,0.12266772239344242,0.083810392042771,1.109812637984015,0.7834857559084347
Cristian Romero,2021,ITA-Serie A,0.1410658307210031,0.0478899087844457,0.0297516194350293,0.063424302501528,0.9,2020,0.0380228136882129,0.0380228136882129,0.493730407523511,0.31739811912225707,0.14247660898399242,0.09696492195307051,1.1738422677101643,0.8669021305108874
Dango Ouattara,2223,FRA-Ligue 1,0.6346153846153847,0.3460673041856633,0.2293853392251409,0.0591627412045804,0.8,2022,0.2249999999999999,0.2249999999999999,2.9423076923076925,1.326923076923077,0.13535208715905508,0.09470209454725483,1.139376874087895,0.8425136237516067
Dani Ceballos,1819,ESP-La Liga,0.216867469879518,0.1617316750428044,0.0906908540391778,-0.0355550592024641,1.0,2018,0.1045296167247386,0.1045296167247386,1.5903614457831325,1.7349397590361446,0.12773521229726004,0.08721335091482774,1.1269658990737732,0.8146893534642401
Danilo,1617,ITA-Serie A,0.0842696629213483,0.0324473487412075,0.0072828931943251,0.0445394209858155,0.9,2016,0.3363228699551569,0.3363228699551569,0.42134831460674155,0.14044943820224717,0.12424289286205857,0.08514082416392892,1.2080415320839255,0.8913781504199302
Danilo,2223,ITA-Serie A,0.1701323251417769,0.0706422574807571,0.0816694496812154,0.0178206179798043,0.9,2022,0.2001111728738188,0.2001111728738188,0.9073724007561437,0.5387523629489603,0.1284096390494249,0.09071888897915764,1.2476647081505758,0.8966142953968871
David Luiz,1516,FRA-Ligue 1,0.1294343240651965,0.0606319331675625,0.0752680130795801,-0.0064656221819461,0.8,2015,0.0304156809733017,0.0304156809733017,0.6471716203259827,0.3883029721955897,0.1162467877906303,0.08239113878817568,1.1188144655972636,0.8171192961600087
Davide Zappacosta,1617,ITA-Serie A,0.2316602316602316,0.0328729846460823,0.1962230182666346,0.0025642287475146,0.9,2016,0.1648351648351648,0.1648351648351648,1.0810810810810811,1.5830115830115832,0.12424289286205857,0.08514082416392892,1.2080415320839255,0.8913781504199302
Dejan Kulusevski,2021,ITA-Serie A,0.3286384976525821,0.1565449450497336,0.297368425228786,-0.1252748726259375,0.9,2020,0.3820754716981132,0.3820754716981132,1.596244131455399,2.44131455399061,0.14247660898399242,0.09696492195307051,1.1738422677101643,0.8669021305108874
Dennis Praet,1819,ITA-Serie A,0.1549053356282272,0.0713156941547194,0.136833129896303,-0.0532434884227953,0.9,2018,0.2402135231316726,0.2402135231316726,1.0533562822719449,1.1462994836488811,0.12906681791037322,0.08992179040242622,1.2823143106269654,0.9660452219438341
Didier Ndong,1516,FRA-Ligue 1,0.0883507853403141,0.0471167700762582,0.0309490445874514,0.0102849706766044,0.8,2015,0.0357284636760619,0.0357284636760619,0.9718586387434555,0.4712041884816754,0.1162467877906303,0.08239113878817568,1.1188144655972636,0.8171192961600087
Dimitri Payet,1415,FRA-Ligue 1,0.6736088512853888,0.1195302679213451,0.386140579269854,0.1679380040941896,0.8,2014,0.733695652173913,0.733695652173913,1.962251871135698,3.7780670354702246,0.11263332617924589,0.07415190993983715,1.079115209499508,0.7521590630429674
Diogo Dalot,2021,ITA-Serie A,0.1682242990654205,0.0429385368860213,0.0805624581908232,0.0447233039885759,0.9,2020,0.1247689463955637,0.1247689463955637,0.8411214953271028,0.7570093457943925,0.14247660898399242,0.09696492195307051,1.1738422677101643,0.8669021305108874
Divock Origi,2223,ITA-Serie A,0.2752293577981651,0.3267334138444804,0.0939440853688695,-0.1454481414151847,0.9,2022,0.1615798922800718,0.1615798922800718,2.6605504587155964,1.0091743119266054,0.1284096390494249,0.09071888897915764,1.2476647081505758,0.8966142953968871
Djibril Sidibe,1819,FRA-Ligue 1,0.0872093023255814,0.0421060065922955,0.1523763454264723,-0.1072730496931864,0.8,2018,0.1993355481727574,0.1993355481727574,0.7848837209302325,1.3517441860465116,0.1243901930736094,0.08050706381799401,1.1828251365352067,0.83945176246747
Dominik Szoboszlai,2223,GER-Bundesliga,0.4754164973587972,0.1618431266041511,0.339258728584457,-0.0256853578298109,1.0,2022,0.2107728337236534,0.2107728337236534,2.230800487606664,2.6330759853718,0.1438281133071904,0.09941712680693564,1.1976565245214317,0.852762679303867
Douglas Luiz,1819,ESP-La Liga,0.0,0.0628642110210476,0.0360594906025763,-0.098923701623624,1.0,2018,0.1729438893159108,0.1729438893159108,0.9696969696969697,0.6060606060606061,0.12773521229726004,0.08721335091482774,1.1269658990737732,0.8146893534642401
Edinson Cavani,1920,FRA-Ligue 1,0.7588532883642496,1.3013247220853932,0.1658817434692865,-0.7083531771904301,0.8,2019,0.8634686346863468,0.8634686346863468,4.249578414839798,1.5177065767284992,0.12111780511341333,0.08288253026821066,1.168083013704616,0.8623501722222123
Edouard Mendy,1920,FRA-Ligue 1,0.0,0.0,0.0,0.0,0.8,2019,0.0,0.0,0.0,0.0,0.12111780511341333,0.08288253026821066,1.168083013704616,0.8623501722222123
Emerson,2021,ESP-La Liga,0.1501000667111407,0.0419664479639279,0.0956259799494921,0.0125076387977206,1.0,2020,0.1557991921523369,0.1557991921523369,0.33022014676450967,0.9906604402935291,0.11837934465631214,0.07949886487748277,1.0114392809538189,0.7308285720469622
Emiliano Buendía,1516,ESP-La Liga,0.1232876712328767,0.1282725869996907,0.0309126582251836,-0.0358975739919976,1.0,2015,0.2924451665312754,0.2924451665312754,1.6027397260273974,0.6164383561643836,0.12593999927826008,0.09407751956217439,1.09916863848029,0.8087244986184323
Eric Bailly,1516,ESP-La Liga,0.0,0.0099889664167603,0.025558611731508,-0.0355475781482684,1.0,2015,0.0,0.0,0.17742730409068508,0.08871365204534254,0.12593999927826008,0.09407751956217439,1.09916863848029,0.8087244986184323
Eric Maxim Choupo-Moting,1617,GER-Bundesliga,0.3730017761989343,0.2386980924629614,0.1932582162572054,-0.0589545325212326,1.0,2016,0.3987594151528577,0.3987594151528577,2.5577264653641207,1.705150976909414,0.12792494903822196,0.09548182894179166,1.1572051628127962,0.8665434814759735
Erik Durm,1617,GER-Bundesliga,0.1848049281314168,0.0656749390819142,0.1680057685730454,-0.0488757795235428,1.0,2016,0.0439238653001464,0.0439238653001464,0.8316221765913757,1.4784394250513346,0.12792494903822196,0.09548182894179166,1.1572051628127962,0.8665434814759735
Erik Pieters,1819,FRA-Ligue 1,0.1427438540840602,0.0692427667001119,0.0420465085265491,0.0314545788573991,0.8,2018,0.1914893617021276,0.1914893617021276,0.8564631245043616,0.8564631245043616,0.1243901930736094,0.08050706381799401,1.1828251365352067,0.83945176246747
Erling Haaland,2021,GER-Bundesliga,1.229304635761589,0.7661685391039347,0.1503271031014572,0.3128089935561975,1.0,2020,1.4127720299678914,1.188012843382091,3.4271523178807946,1.005794701986755,0.13752107015121345,0.09596904295339548,1.1703065647184547,0.8602900536607867
Estupiñán,2021,ESP-La Liga,0.0,0.0372979903217253,0.1419018822781101,-0.1791998725998355,1.0,2020,0.199482822312523,0.199482822312523,0.7805724197745013,1.326973113616652,0.11837934465631214,0.07949886487748277,1.0114392809538189,0.7308285720469622
Ezequiel Schelotto,1415,ITA-Serie A,0.0,0.1069151654609301,0.080002715099561,-0.1869178805604912,0.9,2014,0.0,0.0,1.2219101123595506,1.1797752808988764,0.12315198221923442,0.08455125186280919,1.2475606469571767,0.9252732097297275
Fabian Schär,1718,ESP-La Liga,0.1620891490319675,0.130029272880172,0.0296369395925353,0.0024229365592601,1.0,2017,0.2242152466367712,0.2242152466367712,0.7294011706438541,0.28365601080594327,0.12332007499011235,0.09088967724842442,1.099915025068942,0.8134904087137277
Fabinho,1718,FRA-Ligue 1,0.2941176470588235,0.0626561256563838,0.1250736195703639,0.1063879018320757,0.8,2017,0.1345962113659023,0.1345962113659023,0.7352941176470589,1.0588235294117647,0.12230306888390616,0.0814024069134665,1.1736163730436393,0.8396652293432905
Felipe Anderson,1718,ITA-Serie A,0.8691834942932397,0.2173976382670746,0.3466744292805444,0.3051114267456207,0.9,2017,0.3807354376830458,0.3807354376830458,2.054433713784021,3.0026338893766464,0.11716528631159288,0.08054903690488423,1.151982831955754,0.8658703926102816
Ferrán Torres,1920,ESP-La Liga,0.3558875219683656,0.159044611003407,0.2001755478217386,-0.00333263685678,1.0,2019,0.6206896551724138,0.6206896551724138,1.304920913884007,0.9490333919156415,0.12001657435742667,0.08010820708493388,1.069561977013158,0.7561656384672363
Florent Hadergjonaj,1617,GER-Bundesliga,0.1214028776978417,0.0114908351030254,0.0741074011508683,0.0358046414439479,1.0,2016,0.053731343283582,0.053731343283582,0.40467625899280574,0.8902877697841727,0.12792494903822196,0.09548182894179166,1.1572051628127962,0.8665434814759735
Florian Lejeune,1617,ESP-La Liga,0.0606264735601212,0.0774413021061784,0.017167044149159,-0.0339818726952161,1.0,2016,0.0855920114122681,0.0855920114122681,0.8487706298416976,0.2121926574604244,0.11922709998595336,0.07874500423417105,1.1181375548225625,0.8041952895544978
Florin Andone,1718,ESP-La Liga,0.4972375690607734,0.5808421346816897,0.0569007349154237,-0.14050530053634,1.0,2017,0.313588850174216,0.313588850174216,3.0939226519337013,0.49723756906077343,0.12332007499011235,0.09088967724842442,1.099915025068942,0.8134904087137277
Franck Zambo,1718,FRA-Ligue 1,0.0,0.0425312210092173,0.1271776294204594,-0.1697088504296767,0.8,2017,0.0,0.0,1.2597776862906547,1.037463976945245,0.12230306888390616,0.0814024069134665,1.1736163730436393,0.8396652293432905
Franck Zambo,1920,ESP-La Liga,0.069713400464756,0.1026948017885549,0.0214686457898776,-0.0544500471136765,1.0,2019,0.104570100697134,0.104570100697134,1.04570100697134,0.592563903950426,0.12001657435742667,0.08010820708493388,1.069561977013158,0.7561656384672363
Frederic Guilbert,1819,FRA-Ligue 1,0.0924657534246575,0.0091685435498669,0.0875338122331575,-0.0042366023583669,0.8,2018,0.0880195599022004,0.0880195599022004,0.339041095890411,0.7397260273972603,0.1243901930736094,0.08050706381799401,1.1828251365352067,0.83945176246747
Gabriel,1415,ESP-La Liga,0.0,0.0295618750148017,0.0282181026419832,-0.0577799776567849,1.0,2014,0.0511073253833049,0.0511073253833049,0.7280647168637213,0.16801493466085876,0.12266772239344242,0.083810392042771,1.109812637984015,0.7834857559084347
Gabriel,1920,ITA-Serie A,0.0,0.0,0.0,0.0,0.9,2019,0.0902708124373119,0.0902708124373119,0.0,0.0,0.14006362798283753,0.0933927030281109,1.3346376392847148,0.9836501880881074
Gabriel,2021,ESP-La Liga,0.1656848306332842,0.0310284242861038,0.0201478023911841,0.1145086039559962,1.0,2020,0.07903981264637,0.07903981264637,0.49705449189985274,0.1988217967599411,0.11837934465631214,0.07949886487748277,1.0114392809538189,0.7308285720469622
Gabriel,2223,ESP-La Liga,0.059681697612732,0.0718251828212953,0.0186982079698093,-0.0308416931783725,1.0,2022,0.0885245901639344,0.0885245901639344,0.8355437665782492,0.29840848806366044,0.1342348605964645,0.09165752809710537,1.1794918770542455,0.8330488230496258
Gareth Bale,1920,ESP-La Liga,0.3275705186533212,0.3317250944572324,0.1281463391943288,-0.13230091499824,1.0,2019,1.2871287128712872,1.2871287128712872,2.7843494085532305,0.9827115559599636,0.12001657435742667,0.08010820708493388,1.069561977013158,0.7561656384672363
Gerard Deulofeu,1415,ESP-La Liga,0.6792452830188679,0.2703356160167253,0.2401535194718612,0.1687561475302813,1.0,2014,0.6479481641468683,0.6479481641468683,1.811320754716981,1.6981132075471697,0.12266772239344242,0.083810392042771,1.109812637984015,0.7834857559084347
Gerard Deulofeu,1718,ESP-La Liga,0.3571428571428571,0.2042014417903764,0.313001425737249,-0.1600600103847683,1.0,2017,0.6398104265402844,0.6398104265402844,1.4285714285714286,1.7857142857142858,0.12332007499011235,0.09088967724842442,1.099915025068942,0.8134904087137277
Giovani Lo Celso,2223,ESP-La Liga,0.3937007874015748,0.2391671485406911,0.271012257843271,-0.1164786189823873,1.0,2022,0.7725321888412017,0.7725321888412017,2.362204724409449,2.440944881889764,0.1342348605964645,0.09165752809710537,1.1794918770542455,0.8330488230496258
Granit Xhaka,1516,GER-Bundesliga,0.152027027027027,0.0644830903026583,0.0888620521102377,-0.001318115385869,1.0,2015,0.1444622792937399,0.1444622792937399,1.254222972972973,0.8361486486486487,0.1341355742987374,0.09476531557322125,1.2186105685725066,0.8987283846659974
Grzegorz Krychowiak,1617,FRA-Ligue 1,0.0,0.0650900517417667,0.0165934007229866,-0.0816834524647533,0.8,2016,0.1094890510948905,0.1094890510948905,0.6838905775075989,0.4103343465045593,0.11869735333391775,0.08309402362739356,1.1412417079388386,0.828458156011306
Guglielmo Vicario,2223,ITA-Serie A,0.0,0.0,0.0,0.0,0.9,2022,0.0,0.0,0.0,0.0,0.1284096390494249,0.09071888897915764,1.2476647081505758,0.8966142953968871
Henrikh Mkhitaryan,1516,GER-Bundesliga,0.9076803723816912,0.4012981638647587,0.5544509180395917,-0.0480687095226591,1.0,2015,0.3340757238307349,0.3340757238307349,2.8277734678044997,2.8975950349107835,0.1341355742987374,0.09476531557322125,1.2186105685725066,0.8987283846659974
Hélder Costa,1516,FRA-Ligue 1,0.3472222222222222,0.211715322220698,0.1753369850727419,-0.0398300850712176,0.8,2015,0.2007434944237918,0.2007434944237918,1.7361111111111112,0.9722222222222222,0.1162467877906303,0.08239113878817568,1.1188144655972636,0.8171192961600087
Ibrahima Diallo,1920,FRA-Ligue 1,0.0575815738963531,0.0045005930855784,0.0394421515918395,0.0136388292189351,0.8,2019,0.0,0.0,0.28790786948176583,0.5758157389635317,0.12111780511341333,0.08288253026821066,1.168083013704616,0.8623501722222123
Idrissa Gueye,1415,FRA-Ligue 1,0.1975128017556693,0.0652254965318463,0.0437290911292268,0.088558214094596,0.8,2014,0.0291734197730956,0.0291734197730956,1.1521580102414046,0.9875640087783468,0.11263332617924589,0.07415190993983715,1.079115209499508,0.7521590630429674
Idrissa Gueye,2021,FRA-Ligue 1,0.170886075949367,0.0506885867047158,0.0465070493755084,0.0736904398691427,0.8,2020,0.0341167551175132,0.0341167551175132,1.0822784810126582,0.740506329113924,0.12757076828999744,0.08555579955798066,1.1198783899592826,0.8015829200736356
Igor Julio,2223,ITA-Serie A,0.0,0.0162777971537981,0.0165481167140814,-0.0328259138678796,0.9,2022,0.0,0.0,0.30671859785783834,0.17526777020447906,0.1284096390494249,0.09071888897915764,1.2476647081505758,0.8966142953968871
Isaac Mbenza,1718,FRA-Ligue 1,0.3444976076555024,0.3250018438974921,0.0514180893880542,-0.0319223256300439,0.8,2017,0.1882845188284519,0.1882845188284519,2.368421052631579,1.2488038277511961,0.12230306888390616,0.0814024069134665,1.1736163730436393,0.8396652293432905
Isaac Success,1718,ESP-La Liga,0.180722891566265,0.0747150006558162,0.2959808653377624,-0.1899729744273136,1.0,2017,0.1773399014778325,0.1773399014778325,1.4457831325301205,1.2650602409638554,0.12332007499011235,0.09088967724842442,1.099915025068942,0.8134904087137277
Ismaila Sarr,1819,FRA-Ligue 1,0.4485582057671769,0.1662350418732424,0.233966057159301,0.0483571067346335,0.8,2018,0.3974484789008832,0.3974484789008832,1.7301530793876825,1.2495550017799928,0.1243901930736094,0.08050706381799401,1.1828251365352067,0.83945176246747
Issa Diop,1718,FRA-Ligue 1,0.088235294117647,0.0557005993528839,0.0137989494730444,0.0187357452917186,0.8,2017,0.0303030303030303,0.0303030303030303,0.5294117647058824,0.14705882352941177,0.12230306888390616,0.0814024069134665,1.1736163730436393,0.8396652293432905
Issa Kabore,2223,FRA-Ligue 1,0.0899100899100899,0.1114593048884229,0.0875636369927779,-0.1091128519711109,0.8,2022,0.102974828375286,0.102974828375286,0.7192807192807193,1.1688311688311688,0.13535208715905508,0.09470209454725483,1.139376874087895,0.8425136237516067
Ivan Perisic,2021,ITA-Serie A,0.4002223457476376,0.2475235947180517,0.2107276042572338,-0.0580288532276479,0.9,2020,0.3844328429046037,0.3844328429046037,1.8010005558643694,1.4508060033351864,0.14247660898399242,0.09696492195307051,1.1738422677101643,0.8669021305108874
Iyenoma Destiny Udogie,2223,ITA-Serie A,0.231107850330154,0.115727188205039,0.1063579261119826,0.0090227360131324,0.9,2022,0.1846532622076323,0.1846532622076323,0.8914159941305944,1.1225238444607484,0.1284096390494249,0.09071888897915764,1.2476647081505758,0.8966142953968871
Jadon Sancho,2021,GER-Bundesliga,0.8209313490158425,0.2590991371810665,0.3561828047773955,0.2056494070573804,1.0,2020,0.4736842105263157,0.4736842105263157,2.2467594815170426,2.8948631781084972,0.13752107015121345,0.09596904295339548,1.1703065647184547,0.8602900536607867
Jakub Kiwior,2223,ITA-Serie A,0.0,0.0401546965422462,0.0373775205644201,-0.0775322171066664,0.9,2022,0.3777544596012592,0.3777544596012592,0.5578512396694215,0.24793388429752067,0.1284096390494249,0.09071888897915764,1.2476647081505758,0.8966142953968871
Jannik Vestergaard,1718,GER-Bundesliga,0.09375,0.0613639692601282,0.0215663807466626,0.0108196499932091,1.0,2017,0.0,0.0,0.75,0.15625,0.13286080357998578,0.09269296803779477,1.2226088901378205,0.8894400372673373
Javier Manquillo,1516,FRA-Ligue 1,0.0336448598130841,0.0079698785477988,0.0526821408908222,-0.0270071596255369,0.8,2015,0.0632466619817287,0.0632466619817287,0.23551401869158878,0.5719626168224299,0.1162467877906303,0.08239113878817568,1.1188144655972636,0.8171192961600087
Jean Michael Seri,1718,FRA-Ligue 1,0.2735562310030395,0.0637584822542546,0.1491505087326396,0.0606472400161451,0.8,2017,0.1187335092348285,0.1187335092348285,1.196808510638298,2.256838905775076,0.12230306888390616,0.0814024069134665,1.1736163730436393,0.8396652293432905
Jean-Philippe Mateta,2021,GER-Bundesliga,0.7142857142857143,0.683605708680781,0.1201947593030386,-0.0895147536981053,1.0,2020,0.2510460251046025,0.2510460251046025,2.5,1.0714285714285714,0.13752107015121345,0.09596904295339548,1.1703065647184547,0.8602900536607867
Jean-Ricner Bellegarde,2223,FRA-Ligue 1,0.2947196070405239,0.0880256749238213,0.1969029006444914,0.009791031472211,0.8,2022,0.2878464818763326,0.2878464818763326,1.3999181334424886,2.099877200163733,0.13535208715905508,0.09470209454725483,1.139376874087895,0.8425136237516067
Jefferson Lerma,1718,ESP-La Liga,0.042016806722689,0.0427461430790419,0.0650014791308957,-0.0657308154872485,1.0,2017,0.0712307083498219,0.0712307083498219,1.134453781512605,0.7563025210084033,0.12332007499011235,0.09088967724842442,1.099915025068942,0.8134904087137277
Joachim Andersen,1920,FRA-Ligue 1,0.0587851077726975,0.0603173073541779,0.006846807371511,-0.0083790069529914,0.8,2019,0.0658857979502196,0.0658857979502196,0.5878510777269758,0.2351404310907903,0.12111780511341333,0.08288253026821066,1.168083013704616,0.8623501722222123
Joel Matip,1516,GER-Bundesliga,0.1764705882352941,0.0926205243860535,0.0493926206494078,0.0344574431998326,1.0,2015,0.0366897676314716,0.0366897676314716,0.9117647058823529,0.35294117647058826,0.1341355742987374,0.09476531557322125,1.2186105685725066,0.8987283846659974
Joelinton,1819,GER-Bundesliga,0.5025593299208935,0.374050194206017,0.215526212807684,-0.0870170770928076,1.0,2018,0.1322556943423953,0.1322556943423953,2.3452768729641695,1.7589576547231272,0.14758824081155159,0.10392209175493067,1.2724372874068033,0.9190828295368096
Jonas Lössl,1617,GER-Bundesliga,0.0,0.0010133592618836,0.0037161629233095,-0.0047295221851931,1.0,2016,0.0263157894736842,0.0263157894736842,0.037037037037037035,0.07407407407407407,0.12792494903822196,0.09548182894179166,1.1572051628127962,0.8665434814759735
Jonny,1718,ESP-La Liga,0.0841645885286783,0.0528959872432173,0.0504032719213785,-0.0191346706359175,1.0,2017,0.0644699140401146,0.0644699140401146,0.4208229426433915,0.6172069825436409,0.12332007499011235,0.09088967724842442,1.099915025068942,0.8134904087137277
Jordan Ayew,1415,FRA-Ligue 1,0.5848623853211009,0.3299725699716956,0.1120167857659724,0.1428730295834328,0.8,2014,0.267402376910017,0.2292020373514431,3.853211009174312,1.2041284403669725,0.11263332617924589,0.07415190993983715,1.079115209499508,0.7521590630429674
Jordan Veretout,1415,FRA-Ligue 1,0.3635798632691113,0.0560313292343176,0.2003241518704537,0.1072243821643399,0.8,2014,0.2457673402512288,0.2457673402512288,1.4543194530764452,2.013673088875078,0.11263332617924589,0.07415190993983715,1.079115209499508,0.7521590630429674
Jorginho,1718,ITA-Serie A,0.2017183414269704,0.0415288100348208,0.1286816261959223,0.0315079051962273,0.9,2017,0.0566215791129285,0.0283107895564642,0.5715353007097498,1.5801270078446021,0.11716528631159288,0.08054903690488423,1.151982831955754,0.8658703926102816
Joselu,1415,GER-Bundesliga,0.3996770286637061,0.3119498494896717,0.1310984950195313,-0.043371315845497,1.0,2014,0.419776119402985,0.419776119402985,2.870407751312071,0.6176826806620912,0.12585429814326204,0.0891297410870744,1.2260459954240324,0.8856488696883693
Joselu,1617,ESP-La Liga,0.6108597285067873,0.2700534657094779,0.0215554582081499,0.3192508045891594,1.0,2016,0.2601156069364162,0.2601156069364162,3.0542986425339365,0.6108597285067873,0.11922709998595336,0.07874500423417105,1.1181375548225625,0.8041952895544978
Josko Gvardiol,2223,GER-Bundesliga,0.0415320719889247,0.0729341092242257,0.0255882164852777,-0.0569902537205786,1.0,2022,0.1927194860813704,0.1927194860813704,0.5399169358560221,0.49838486386709735,0.1438281133071904,0.09941712680693564,1.1976565245214317,0.852762679303867
João Moutinho,1718,FRA-Ligue 1,0.2249196715458764,0.0284607859141526,0.1698682098644454,0.0265906757672783,0.8,2017,0.2653128070750081,0.2653128070750081,0.7390217779364512,1.7672259907176007,0.12230306888390616,0.0814024069134665,1.1736163730436393,0.8396652293432905
João Pedro,2021,ITA-Serie A,0.5224564619615032,0.2607649852420134,0.1456307154234181,0.1160607612960715,0.9,2020,0.5330700888450147,0.3553800592300098,2.062328139321723,1.0449129239230064,0.14247660898399242,0.09696492195307051,1.1738422677101643,0.8669021305108874
Justin Kluivert,2223,ESP-La Liga,0.3716448726772195,0.3635263338067145,0.1694608160922097,-0.1613422772217047,1.0,2022,0.3548546081813701,0.3548546081813701,2.7253957329662764,1.4246386785960081,0.1342348605964645,0.09165752809710537,1.1794918770542455,0.8330488230496258
Jéremy Doku,2223,FRA-Ligue 1,0.5638214565387627,0.2056726956843582,0.3136719760945185,0.0444767847598859,0.8,2022,0.6126237623762376,0.6126237623762376,1.8324197337509789,1.9028974158183243,0.13535208715905508,0.09470209454725483,1.139376874087895,0.8425136237516067
Kai Havertz,1920,GER-Bundesliga,0.6566680178354276,0.3393377213205433,0.3022135731495726,0.0151167233653115,1.0,2019,0.4136572554169402,0.4136572554169402,2.152411836238346,2.1159302796919337,0.15052263402589686,0.10303606013326061,1.2458638997492884,0.8899530972056109
Kalidou Koulibaly,2021,ITA-Serie A,0.0,0.0397932399097984,0.0120952351955161,-0.0518884751053146,0.9,2020,0.1492537313432835,0.1492537313432835,0.44755877034358044,0.28481012658227844,0.14247660898399242,0.09696492195307051,1.1738422677101643,0.8669021305108874
Kenny Tete,1920,FRA-Ligue 1,0.0853080568720379,0.0512764980283817,0.1256000136700569,-0.0915684548264007,0.8,2019,0.0606877950101146,0.0606877950101146,0.5971563981042655,1.023696682464455,0.12111780511341333,0.08288253026821066,1.168083013704616,0.8623501722222123
Kepa,1718,ESP-La Liga,0.0,0.0,0.0085896333058675,-0.0085896333058675,1.0,2017,0.0,0.0,0.0,0.03333333333333333,0.12332007499011235,0.09088967724842442,1.099915025068942,0.8134904087137277
Kevin De Bruyne,1415,GER-Bundesliga,0.8846657929226737,0.2277739767075502,0.4219545848633445,0.2349372313517789,1.0,2014,0.7178464606181456,0.7178464606181456,2.8309305373525557,3.302752293577982,0.12585429814326204,0.0891297410870744,1.2260459954240324,0.8856488696883693
Kieran Trippier,2021,ESP-La Liga,0.217829770068576,0.0047312878799587,0.1423503521690089,0.0707481300196083,1.0,2020,0.2137767220902612,0.2137767220902612,0.10891488503428802,1.2343686970552643,0.11837934465631214,0.07949886487748277,1.0114392809538189,0.7308285720469622
Kiko Femenía,1617,ESP-La Liga,0.0719712115153938,0.0080696605548101,0.0889150778957006,-0.0250135269351169,1.0,2016,0.1045296167247386,0.1045296167247386,0.1799280287884846,0.6837265093962416,0.11922709998595336,0.07874500423417105,1.1181375548225625,0.8041952895544978
Lamine Koné,1516,FRA-Ligue 1,0.0,0.0564038468584899,0.001949852933326,-0.0583536997918159,0.8,2015,0.035377358490566,0.035377358490566,0.6387096774193549,0.11612903225806452,0.1162467877906303,0.08239113878817568,1.1188144655972636,0.8171192961600087
Leon Bailey,2021,GER-Bundesliga,0.7112970711297072,0.2728242701441673,0.2656560710720936,0.1728167299134463,1.0,2020,0.3545051698670605,0.3545051698670605,2.4267782426778246,2.0502092050209204,0.13752107015121345,0.09596904295339548,1.1703065647184547,0.8602900536607867
Leroy Sané,1516,GER-Bundesliga,0.5442764578833693,0.2563323109827083,0.1876836777795468,0.1002604691211141,1.0,2015,0.4015616285554936,0.4015616285554936,2.6436285097192225,1.0885529157667386,0.1341355742987374,0.09476531557322125,1.2186105685725066,0.8987283846659974
Lucas Digne,1718,ESP-La Liga,0.2564102564102564,0.0416709754902582,0.2248430147002905,-0.0101037337802923,1.0,2017,0.2425876010781671,0.2425876010781671,0.25641025641025644,0.7692307692307693,0.12332007499011235,0.09088967724842442,1.099915025068942,0.8134904087137277
Lucas Paquetá,2021,FRA-Ligue 1,0.547112462006079,0.2961068981275758,0.250394564773847,0.0006109991046561,0.8,2020,0.2851969216840199,0.2444545043005885,2.1493703864524534,1.7194963091619626,0.12757076828999744,0.08555579955798066,1.1198783899592826,0.8015829200736356
Lucas Torreira,1718,ITA-Serie A,0.1409774436090225,0.0395424738071186,0.0673774512015507,0.0340575186003531,0.9,2017,0.1521555367709214,0.1521555367709214,0.9304511278195489,0.9868421052631579,0.11716528631159288,0.08054903690488423,1.151982831955754,0.8658703926102816
Luciano Vietto,1718,ESP-La Liga,0.3417721518987341,0.1968307701187043,0.1822389135066466,-0.0372975317266168,1.0,2017,0.4615384615384615,0.4615384615384615,1.481012658227848,1.7088607594936707,0.12332007499011235,0.09088967724842442,1.099915025068942,0.8134904087137277
Lyanco,2021,ITA-Serie A,0.0,0.070147497487467,0.016573895924289,-0.086721393411756,0.9,2020,0.1551724137931034,0.1551724137931034,0.5527123848515865,0.18423746161719548,0.14247660898399242,0.09696492195307051,1.1738422677101643,0.8669021305108874
Malo Gusto,2223,FRA-Ligue 1,0.0556930693069306,0.0343948806345573,0.1664777766996165,-0.1451795880272431,0.8,2022,0.3078677309007982,0.3078677309007982,0.38985148514851486,1.2809405940594059,0.13535208715905508,0.09470209454725483,1.139376874087895,0.8425136237516067
Manolo Gabbiadini,1617,ITA-Serie A,0.5252918287937743,0.4798208474967962,0.0088034429431599,0.0366675383538181,0.9,2016,0.4261363636363636,0.3409090909090909,4.202334630350195,0.35019455252918286,0.12424289286205857,0.08514082416392892,1.2080415320839255,0.8913781504199302
Manuel Akanji,2021,GER-Bundesliga,0.076595744680851,0.0756895433873572,0.007963012388729,-0.0070568110952351,1.0,2020,0.039612676056338,0.039612676056338,0.7276595744680852,0.1148936170212766,0.13752107015121345,0.09596904295339548,1.1703065647184547,0.8602900536607867
Marc Cucurella,2021,ESP-La Liga,0.1382488479262673,0.0609465727779997,0.0995787648561363,-0.0222764897078687,1.0,2020,0.1070154577883472,0.1070154577883472,0.6912442396313364,1.1059907834101383,0.11837934465631214,0.07949886487748277,1.0114392809538189,0.7308285720469622
Marcos Alonso,1516,ITA-Serie A,0.2688860435339308,0.1334893843457198,0.1612030969582087,-0.0258064377699976,0.9,2015,0.3004451038575668,0.3004451038575668,2.112676056338028,1.6517285531370038,0.11886122650566028,0.08384798263254045,1.2196197915979665,0.9066927272927565
Mario Lemina,1617,ITA-Serie A,0.2027027027027027,0.2481511041421342,0.0861862318187549,-0.1316346332581864,0.9,2016,0.1043478260869565,0.1043478260869565,1.7229729729729728,0.8108108108108107,0.12424289286205857,0.08514082416392892,1.2080415320839255,0.8913781504199302
Mario Lemina,2223,FRA-Ligue 1,0.0,0.0216456836907663,0.0073396893997163,-0.0289853730904826,0.8,2022,0.1499000666222518,0.1499000666222518,0.6308411214953271,0.4205607476635514,0.13535208715905508,0.09470209454725483,1.139376874087895,0.8425136237516067
Mario Vrancic,1617,GER-Bundesliga,0.3499675955930006,0.1001298364447411,0.2395103917513296,0.0103273673969298,1.0,2016,0.1468189233278956,0.1468189233278956,1.749837977965003,3.033052495139339,0.12792494903822196,0.09548182894179166,1.1572051628127962,0.8665434814759735
Mark Flekken,2223,GER-Bundesliga,0.0,0.0,0.0166580624440137,-0.0166580624440137,1.0,2022,0.0273307014880048,0.0273307014880048,0.0,0.11764705882352941,0.1438281133071904,0.09941712680693564,1.1976565245214317,0.852762679303867
Marten de Roon,1516,ITA-Serie A,0.0870125684821141,0.0188634953186362,0.0348647203520924,0.0332843528113853,0.9,2015,0.129543001079525,0.129543001079525,0.5800837898807606,0.5220754108926845,0.11886122650566028,0.08384798263254045,1.2196197915979665,0.9066927272927565
Martín Montoya,1718,ESP-La Liga,0.1672862453531598,0.0104323812898033,0.0831450858035689,0.0737087782597875,1.0,2017,0.0415704387990762,0.0415704387990762,0.3345724907063197,0.5436802973977695,0.12332007499011235,0.09088967724842442,1.099915025068942,0.8134904087137277
Mateo Kovacic,1718,ESP-La Liga,0.0916496945010183,0.031696368623411,0.061415432375721,-0.0014621064981138,1.0,2017,0.10250569476082,0.10250569476082,0.824847250509165,0.9164969450101833,0.12332007499011235,0.09088967724842442,1.099915025068942,0.8134904087137277
Matheus Pereira,1920,FRA-Ligue 1,0.0,0.1296349116959251,0.0880561713487482,-0.2176910830446733,0.8,2019,0.5898226676946801,0.4510408635312259,1.923076923076923,2.1153846153846154,0.12111780511341333,0.08288253026821066,1.168083013704616,0.8623501722222123
Matteo Darmian,1415,ITA-Serie A,0.1048951048951049,0.0771611021063127,0.1170406420552334,-0.0893066392664413,0.9,2014,0.0464636035105833,0.0464636035105833,1.013986013986014,1.3636363636363635,0.12315198221923442,0.08455125186280919,1.2475606469571767,0.9252732097297275
Max Meyer,1718,GER-Bundesliga,0.0,0.0100862673125505,0.0172538435876009,-0.0273401109001515,1.0,2017,0.1924447612259444,0.1924447612259444,0.4140310523289247,0.4657849338700402,0.13286080357998578,0.09269296803779477,1.2226088901378205,0.8894400372673373
Maxime Le Marchand,1718,FRA-Ligue 1,0.1064249113125739,0.0158673866109017,0.0253341998170751,0.065223324884597,0.8,2017,0.0399822301199466,0.0399822301199466,0.42569964525029563,0.39022467481277096,0.12230306888390616,0.0814024069134665,1.1736163730436393,0.8396652293432905
Micah Richards,1415,ITA-Serie A,0.0,0.0186821010379873,0.0169884098416313,-0.0356705108796186,0.9,2014,0.0878477306002928,0.0878477306002928,0.3191489361702128,0.4787234042553192,0.12315198221923442,0.08455125186280919,1.2475606469571767,0.9252732097297275
Michy Batshuayi,1516,FRA-Ligue 1,0.7956477388643318,0.5219303367964085,0.1028096990578132,0.17090770301011,0.8,2015,2.443438914027149,2.443438914027149,3.7334240054403267,0.8262495749744985,0.1162467877906303,0.08239113878817568,1.1188144655972636,0.8171192961600087
Micky van de Ven,2223,GER-Bundesliga,0.0606060606060606,0.0400597157634117,0.0493613869854898,-0.0288150421428409,1.0,2022,0.115138592750533,0.115138592750533,0.48484848484848486,0.18181818181818182,0.1438281133071904,0.09941712680693564,1.1976565245214317,0.852762679303867
Miguel Britos,1415,ITA-Serie A,0.060200668896321,0.0634887756399785,0.0149988578663621,-0.0182869646100196,0.9,2014,0.0,0.0,0.5418060200668896,0.3010033444816054,0.12315198221923442,0.08455125186280919,1.2475606469571767,0.9252732097297275
Mikkel Damsgaard,2021,ITA-Serie A,0.3045685279187817,0.1697378937003727,0.1076802906821373,0.0271503435362716,0.9,2020,0.0,0.0,1.2690355329949239,1.2690355329949239,0.14247660898399242,0.09696492195307051,1.1738422677101643,0.8669021305108874
Mohamed Salah,1617,ITA-Serie A,0.9367493995196156,0.483205042096426,0.3470881523085747,0.1064562051146149,0.9,2016,1.2796208530805686,1.2491536899119835,2.8823058446757406,2.5580464371497196,0.12424289286205857,0.08514082416392892,1.2080415320839255,0.8913781504199302
Moise Kean,1819,ITA-Serie A,1.0246679316888043,0.6509370276213146,0.0679604002969088,0.3057705037705811,0.9,2018,0.4597701149425288,0.4597701149425288,3.4155597722960156,0.8538899430740039,0.12906681791037322,0.08992179040242622,1.2823143106269654,0.9660452219438341
Moussa Diaby,2223,GER-Bundesliga,0.5592105263157895,0.3117200988344848,0.2810041026187767,-0.0335136751374719,1.0,2022,0.5642633228840126,0.5642633228840126,2.6315789473684212,1.9078947368421053,0.1438281133071904,0.09941712680693564,1.1976565245214317,0.852762679303867
N'Golo Kanté,1415,FRA-Ligue 1,0.1978021978021978,0.0450537610606084,0.0705116934682501,0.0822367432733392,0.8,2014,0.1494520092992361,0.1494520092992361,,,0.11263332617924589,0.07415190993983715,1.079115209499508,0.7521590630429674
Naby Keita,1718,GER-Bundesliga,0.5025380710659898,0.1517289722631425,0.1902399122204423,0.1605691865824049,1.0,2017,0.1918976545842217,0.1918976545842217,1.9187817258883249,1.8274111675126903,0.13286080357998578,0.09269296803779477,1.2226088901378205,0.8894400372673373
Nampalys Mendy,1718,FRA-Ligue 1,0.093071354705274,0.0021807083931309,0.0048622151310897,0.0860284311810533,0.8,2017,0.0,0.0,0.09307135470527406,0.1861427094105481,0.12230306888390616,0.0814024069134665,1.1736163730436393,0.8396652293432905
Naouirou Ahamada,2223,GER-Bundesliga,0.2524544179523141,0.0387453089688929,0.0699490743857739,0.1437600345976473,1.0,2022,0.0,0.0,1.0098176718092566,1.0098176718092566,0.1438281133071904,0.09941712680693564,1.1976565245214317,0.852762679303867
Neal Maupay,1516,FRA-Ligue 1,0.5283757338551859,0.1614947472890354,0.2286002834358502,0.1382807031303002,0.8,2015,0.4205607476635514,0.3882099209202013,2.2896281800391387,1.4090019569471623,0.1162467877906303,0.08239113878817568,1.1188144655972636,0.8171192961600087
Neto,2021,ESP-La Liga,0.0,0.0,0.0,0.0,1.0,2020,0.0,0.0,0.0,0.0,0.11837934465631214,0.07949886487748277,1.0114392809538189,0.7308285720469622
Nicolas Jackson,2223,ESP-La Liga,0.8905380333951763,0.476597675600941,0.2305967904323218,0.1833435673619134,1.0,2022,0.6068133427963095,0.6068133427963095,2.282003710575139,1.2244897959183674,0.1342348605964645,0.09165752809710537,1.1794918770542455,0.8330488230496258
Nicolas Pepe,1819,FRA-Ligue 1,0.8910891089108911,0.3680846572817579,0.2802434658194103,0.2427609858097229,0.8,2018,0.4453240969816922,0.400791687283523,3.1863186318631866,1.8901890189018904,0.1243901930736094,0.08050706381799401,1.1828251365352067,0.83945176246747
Nicolo Zaniolo,2223,ITA-Serie A,0.0993377483443708,0.4006008346817943,0.0889690617555814,-0.3902321480930049,0.9,2022,0.2195121951219512,0.2195121951219512,2.781456953642384,0.794701986754967,0.1284096390494249,0.09071888897915764,1.2476647081505758,0.8966142953968871
Nicolás Domínguez,2223,ITA-Serie A,0.194216659473457,0.0820261986992922,0.1347121923846781,-0.0225217316105132,0.9,2022,0.2333117303953337,0.2333117303953337,1.6314199395770392,1.3983599482088909,0.1284096390494249,0.09071888897915764,1.2476647081505758,0.8966142953968871
Nicolás Otamendi,1415,ESP-La Liga,0.1740812379110251,0.0902752539168185,0.0023564477802418,0.0814495362139647,1.0,2014,0.0336700336700336,0.0336700336700336,0.5802707930367504,0.08704061895551257,0.12266772239344242,0.083810392042771,1.109812637984015,0.7834857559084347
Nordin Amrabat,1516,ESP-La Liga,0.0883218842001962,0.1170852061788806,0.2281427332606821,-0.2569060552393665,1.0,2015,0.1273584905660377,0.1273584905660377,2.296368989205103,1.5014720314033365,0.12593999927826008,0.09407751956217439,1.09916863848029,0.8087244986184323
Nyom,1415,ESP-La Liga,0.0301003344481605,0.0216238310990425,0.0528644867222693,-0.0443879833731513,1.0,2014,0.0362464760370519,0.0362464760370519,0.3311036789297659,0.6020066889632107,0.12266772239344242,0.083810392042771,1.109812637984015,0.7834857559084347
Nélson Semedo,1920,ESP-La Liga,0.1287553648068669,0.0289562743460927,0.0971185372015181,0.002680553259256,1.0,2019,0.0601202404809619,0.0601202404809619,0.34334763948497854,0.5150214592274678,0.12001657435742667,0.08010820708493388,1.069561977013158,0.7561656384672363
Odsonne Edouard,1617,FRA-Ligue 1,0.1624548736462094,0.2549348750726625,0.0317675788426227,-0.1242475802690758,0.8,2016,0.3463441451346893,0.3463441451346893,1.787003610108303,0.6498194945848376,0.11869735333391775,0.08309402362739356,1.1412417079388386,0.828458156011306
Ola Aina,1920,ITA-Serie A,0.0867888138862102,0.0175785017895836,0.0979893571466365,-0.02877904505001,0.9,2019,0.1006336190831159,0.1006336190831159,0.5207328833172613,0.9546769527483124,0.14006362798283753,0.0933927030281109,1.3346376392847148,0.9836501880881074
Ola Aina,2223,ITA-Serie A,0.2076124567474048,0.084670851567831,0.2153964527595827,-0.0924548475800088,0.9,2022,0.1040462427745664,0.1040462427745664,0.8304498269896194,1.245674740484429,0.1284096390494249,0.09071888897915764,1.2476647081505758,0.8966142953968871
Oliver Burke,1920,ESP-La Liga,0.1287553648068669,0.1701762170287033,0.0842921263558286,-0.125712978577665,1.0,2019,0.1415094339622641,0.1415094339622641,1.351931330472103,0.38626609442060084,0.12001657435742667,0.08010820708493388,1.069561977013158,0.7561656384672363
Orel Mangala,2021,GER-Bundesliga,0.1706161137440758,0.0494944545665482,0.0742655981605722,0.0468560610169553,1.0,2020,0.1138519924098671,0.1138519924098671,1.066350710900474,0.8530805687203792,0.13752107015121345,0.09596904295339548,1.1703065647184547,0.8602900536607867
Oriol Romeu,1415,GER-Bundesliga,0.0,0.0197085179338398,0.0074562721006548,-0.0271647900344946,1.0,2014,0.0563204005006257,0.0563204005006257,0.581270182992465,0.24219590958019374,0.12585429814326204,0.0891297410870744,1.2260459954240324,0.8856488696883693
Pablo Fornals,1819,ESP-La Liga,0.1810136765888978,0.1417884220648632,0.1956909974888626,-0.156465742964828,1.0,2018,0.2876712328767123,0.2876712328767123,2.063555913113435,1.66532582461786,0.12773521229726004,0.08721335091482774,1.1269658990737732,0.8146893534642401
Pape Souaré,1415,FRA-Ligue 1,0.0,0.005187269393549,0.0237428071074545,-0.0289300765010036,0.8,2014,0.0298309579052038,0.0298309579052038,0.2818371607515658,0.2818371607515658,0.11263332617924589,0.07415190993983715,1.079115209499508,0.7521590630429674
Pascal Groß,1617,GER-Bundesliga,0.296269202633504,0.1120159607421506,0.2537136681135349,-0.0694604262221814,1.0,2016,0.4531722054380664,0.4229607250755287,1.6788588149231896,3.226042428675933,0.12792494903822196,0.09548182894179166,1.1572051628127962,0.8665434814759735
Pau Torres,2223,ESP-La Liga,0.0294599018003273,0.0624122437022614,0.0334554412897597,-0.0664077831916937,1.0,2022,0.0729631130928253,0.0729631130928253,0.353518821603928,0.4124386252045827,0.1342348605964645,0.09165752809710537,1.1794918770542455,0.8330488230496258
Paul Pogba,1516,ITA-Serie A,0.5966191581040768,0.2183876521786613,0.2118169969360797,0.1664145089893357,0.9,2015,0.3108211818879509,0.3108211818879509,3.699038780245276,1.6108717268810075,0.11886122650566028,0.08384798263254045,1.2196197915979665,0.9066927272927565
Pedro,1415,ESP-La Liga,0.7091267235718977,0.4612955177791089,0.3802014404732932,-0.1323702346805044,1.0,2014,0.3930131004366812,0.3930131004366812,2.2455679579776757,1.4773473407747868,0.12266772239344242,0.083810392042771,1.109812637984015,0.7834857559084347
Pedro Obiang,1415,ITA-Serie A,0.1298701298701298,0.127665954974613,0.0872455132435765,-0.0850413383480597,0.9,2014,0.0841908325537885,0.0841908325537885,0.974025974025974,0.974025974025974,0.12315198221923442,0.08455125186280919,1.2475606469571767,0.9252732097297275
Philippe Coutinho,2021,ESP-La Liga,0.5397301349325337,0.5788570796062742,0.091728254359612,-0.1308551990333525,1.0,2020,0.12,0.12,3.778110944527736,0.8095952023988006,0.11837934465631214,0.07949886487748277,1.0114392809538189,0.7308285720469622
Pierre-Emerick Aubameyang,1718,GER-Bundesliga,1.0133708655876144,0.8627988850562862,0.16202206726669,-0.0114500867353619,1.0,2017,0.8868613138686132,0.7554744525547445,3.736805066854328,1.0133708655876144,0.13286080357998578,0.09269296803779477,1.2226088901378205,0.8894400372673373
Pierre-Emile Højbjerg,1516,GER-Bundesliga,0.070754716981132,0.0815686680385315,0.0173570375169082,-0.0281709885743077,1.0,2015,0.0,0.0,1.5566037735849056,0.49528301886792453,0.1341355742987374,0.09476531557322125,1.2186105685725066,0.8987283846659974
Ragnar Klavan,1516,GER-Bundesliga,0.0,0.0212789354174206,0.0134255356316738,-0.0347044710490944,1.0,2015,0.0,0.0,0.2906350914962325,0.22604951560818085,0.1341355742987374,0.09476531557322125,1.2186105685725066,0.8987283846659974
Raphael Varane,2021,ESP-La Liga,0.0662251655629139,0.090332313298883,0.0056415967279366,-0.0297487444639057,1.0,2020,0.0,0.0,0.5960264900662252,0.13245033112582782,0.11837934465631214,0.07949886487748277,1.0114392809538189,0.7308285720469622
Raphinha,1920,FRA-Ligue 1,0.4230317273795534,0.2427270421900564,0.250568701218065,-0.070264016028568,0.8,2019,0.5698607007176023,0.5698607007176023,2.2737955346651,2.2737955346651,0.12111780511341333,0.08288253026821066,1.168083013704616,0.8623501722222123
Rasmus Højlund,2223,ITA-Serie A,0.5362946912242686,0.5015571605321322,0.0926628250644854,-0.0579252943723489,0.9,2022,0.4886877828054298,0.4886877828054298,2.6327193932827733,1.170097508125677,0.1284096390494249,0.09071888897915764,1.2476647081505758,0.8966142953968871
Rayan Ait Nouri,1920,FRA-Ligue 1,0.1392111368909512,0.0165495177052413,0.0446404234707148,0.078021195714995,0.8,2019,0.1272984441301273,0.1272984441301273,0.27842227378190254,0.6264501160092807,0.12111780511341333,0.08288253026821066,1.168083013704616,0.8623501722222123
Raúl Jiménez,1415,ESP-La Liga,0.4838709677419354,0.4416446823386414,0.3392082176381542,-0.2969819322348602,1.0,2014,0.5727012408526885,0.5154311167674196,2.7419354838709675,1.2903225806451613,0.12266772239344242,0.083810392042771,1.109812637984015,0.7834857559084347
Remo Freuler,2021,ITA-Serie A,0.16507703595011,0.0663866248782601,0.1305267173094471,-0.0318363062375972,0.9,2020,0.0,0.0,0.6603081438004402,0.9904622157006603,0.14247660898399242,0.09696492195307051,1.1738422677101643,0.8669021305108874
Renan Lodi,2021,ESP-La Liga,0.2432432432432432,0.0585171324578491,0.1525876792399464,0.0321384315454476,1.0,2020,0.0402504472271914,0.0402504472271914,0.8918918918918919,0.9729729729729729,0.11837934465631214,0.07949886487748277,1.0114392809538189,0.7308285720469622
Ricardo Pereira,1617,FRA-Ligue 1,0.2622632345798931,0.06549396673819,0.1502876383383161,0.0464816295033869,0.8,2016,0.2301054650047938,0.2301054650047938,0.8305002428363284,1.267605633802817,0.11869735333391775,0.08309402362739356,1.1412417079388386,0.828458156011306
Roberto Firmino,1415,GER-Bundesliga,0.5237932214994865,0.2810648824631892,0.2772980540874772,-0.03456971505118,1.0,2014,0.7630922693266833,0.7630922693266833,2.9270797672030127,2.095172885997946,0.12585429814326204,0.0891297410870744,1.2260459954240324,0.8856488696883693
Rodri,1819,ESP-La Liga,0.1309090909090909,0.0918176233836195,0.0483284320479089,-0.0092369645224376,1.0,2018,0.1808681672025723,0.1808681672025723,0.8836363636363636,0.5563636363636363,0.12773521229726004,0.08721335091482774,1.1269658990737732,0.8146893534642401
Rodrigo,1920,ESP-La Liga,0.5177824267782427,0.3403709795536419,0.2729509578857992,-0.0955395106611983,1.0,2019,0.6303501945525292,0.6303501945525292,1.9299163179916319,1.3179916317991633,0.12001657435742667,0.08010820708493388,1.069561977013158,0.7561656384672363
Romain Perraud,2021,FRA-Ligue 1,0.2866242038216561,0.0777656950270104,0.0896643020722801,0.1191942067223654,0.8,2020,0.1954397394136807,0.1954397394136807,1.232484076433121,1.0318471337579618,0.12757076828999744,0.08555579955798066,1.1198783899592826,0.8015829200736356
Ross Barkley,2223,FRA-Ligue 1,0.5934065934065934,0.4550794312771369,0.2490350152724064,-0.1107078531429499,0.8,2022,0.3083365055196041,0.3083365055196041,3.758241758241758,2.967032967032967,0.13535208715905508,0.09470209454725483,1.139376874087895,0.8425136237516067
Ryan Gravenberch,2223,GER-Bundesliga,0.0,0.1323922423458529,0.0622327353953749,-0.1946249777412279,1.0,2022,0.0806451612903225,0.0806451612903225,1.8785578747628084,1.537001897533207,0.1438281133071904,0.09941712680693564,1.1976565245214317,0.852762679303867
Sasa Lukic,2223,ITA-Serie A,0.1507537688442211,0.0897094884409976,0.1009577423352841,-0.0399134619320606,0.9,2022,0.08130081300813,0.08130081300813,1.2060301507537687,1.2814070351758793,0.1284096390494249,0.09071888897915764,1.2476647081505758,0.8966142953968871
Sead Kolasinac,1617,GER-Bundesliga,0.3474903474903475,0.1046629945979486,0.1234929957768689,0.1193343571155299,1.0,2016,0.2506963788300835,0.2506963788300835,0.7384169884169884,0.9990347490347491,0.12792494903822196,0.09548182894179166,1.1572051628127962,0.8665434814759735
Sebastian Prödl,1415,GER-Bundesliga,0.2067777139574957,0.1162229157183993,0.059264362594439,0.0312904356446573,1.0,2014,0.1014656144306651,0.1014656144306651,0.9821941412981046,0.2067777139574957,0.12585429814326204,0.0891297410870744,1.2260459954240324,0.8856488696883693
Sergio Reguilón,1920,ESP-La Liga,0.2151394422310757,0.0882063867205167,0.1468452542233633,-0.0199121987128043,1.0,2019,0.1195748449955713,0.1195748449955713,1.00398406374502,1.4342629482071714,0.12001657435742667,0.08010820708493388,1.069561977013158,0.7561656384672363
Sergio Rico,1718,ESP-La Liga,0.0,0.0,0.0,0.0,1.0,2017,0.0,0.0,0.0,0.0,0.12332007499011235,0.09088967724842442,1.099915025068942,0.8134904087137277
Shinji Okazaki,1415,GER-Bundesliga,0.4843918191603875,0.3175254497352278,0.105710269851195,0.0611560995739647,1.0,2014,0.2137767220902612,0.2137767220902612,1.9052744886975244,0.8396124865446717,0.12585429814326204,0.0891297410870744,1.2260459954240324,0.8856488696883693
Shkodran Mustafi,1516,ESP-La Liga,0.0671140939597315,0.0516003922203043,0.0401352752850159,-0.0246215735455887,1.0,2015,0.158311345646438,0.158311345646438,0.7382550335570469,0.1342281879194631,0.12593999927826008,0.09407751956217439,1.09916863848029,0.8087244986184323
Sofiane Boufal,1516,FRA-Ligue 1,0.5742237345810293,0.1265187133998882,0.3189187098384816,0.1287863113426594,0.8,2015,0.0825688073394495,0.0825688073394495,1.9140791152700978,2.756273925988941,0.1162467877906303,0.08239113878817568,1.1188144655972636,0.8171192961600087
Sofiane Boufal,1819,ESP-La Liga,0.2554399243140965,0.1494766533191517,0.154379251718789,-0.0484159807238442,1.0,2018,0.2412868632707774,0.2412868632707774,2.1712393566698203,1.7029328287606436,0.12773521229726004,0.08721335091482774,1.1269658990737732,0.8146893534642401
Sofiane Feghouli,1516,ESP-La Liga,0.1436552274541101,0.2024096528964573,0.216853642912027,-0.2756080683543743,1.0,2015,0.5222437137330754,0.5222437137330754,1.5802075019952115,1.8675179569034317,0.12593999927826008,0.09407751956217439,1.09916863848029,0.8087244986184323
Sofyan Amrabat,2223,ITA-Serie A,0.0446428571428571,0.0178164725574398,0.0361300773719059,-0.0093036927864886,0.9,2022,0.0,0.0,0.5803571428571429,0.5803571428571429,0.1284096390494249,0.09071888897915764,1.2476647081505758,0.8966142953968871
Sokratis,1718,GER-Bundesliga,0.0757575757575757,0.0447659325701269,0.008360310669311,0.0226313325181377,1.0,2017,0.1228389444949954,0.1228389444949954,0.5681818181818182,0.1893939393939394,0.13286080357998578,0.09269296803779477,1.2226088901378205,0.8894400372673373
Son Heung-Min,1415,GER-Bundesliga,0.5075921908893709,0.2083596621524873,0.106759648689285,0.1924728800475985,1.0,2014,0.4054054054054054,0.4054054054054054,2.459869848156182,1.5227765726681128,0.12585429814326204,0.0891297410870744,1.2260459954240324,0.8856488696883693
Steve Mounie,1617,FRA-Ligue 1,0.5389221556886228,0.368515184662866,0.0913909016824621,0.0790160693432946,0.8,2016,0.3891891891891891,0.3891891891891891,3.3286368439591407,0.7608312786192322,0.11869735333391775,0.08309402362739356,1.1412417079388386,0.828458156011306
Sven Botman,2021,FRA-Ligue 1,0.0,0.0219207542701741,0.006850995188081,-0.0287717494582552,0.8,2020,0.0,0.0,0.4349139232860163,0.13591060102688007,0.12757076828999744,0.08555579955798066,1.1198783899592826,0.8015829200736356
Sébastien Haller,1819,GER-Bundesliga,0.9926470588235294,0.4723984111264786,0.3046534642549779,0.2155951834420728,1.0,2018,0.3202846975088968,0.3202846975088968,2.233455882352941,1.5716911764705883,0.14758824081155159,0.10392209175493067,1.2724372874068033,0.9190828295368096
Taiwo Awoniyi,2021,GER-Bundesliga,0.4578488372093023,0.4260919239848505,0.0830012709470899,-0.051244357722638,1.0,2020,0.6942496493688639,0.6942496493688639,1.8968023255813953,1.3081395348837208,0.13752107015121345,0.09596904295339548,1.1703065647184547,0.8602900536607867
Takehiro Tomiyasu,2021,ITA-Serie A,0.0661521499448732,0.0756015299789632,0.0142325555583279,-0.0236819355924179,0.9,2020,0.1424050632911392,0.1424050632911392,0.5292171995589856,0.2646085997794928,0.14247660898399242,0.09696492195307051,1.1738422677101643,0.8669021305108874
Tanguy NDombele Alvaro,1819,FRA-Ligue 1,0.2674591381872214,0.0640175052514413,0.1244796053291939,0.0789620276065861,0.8,2018,0.3592814371257485,0.3592814371257485,1.036404160475483,1.5713224368499257,0.1243901930736094,0.08050706381799401,1.1828251365352067,0.83945176246747
Thiago Alcántara,1920,GER-Bundesliga,0.1522842639593908,0.1311088757126162,0.0556827128538625,-0.0345073246070878,1.0,2019,0.0482573726541555,0.0482573726541555,0.9137055837563453,1.015228426395939,0.15052263402589686,0.10303606013326061,1.2458638997492884,0.8899530972056109
Thiago Silva,1920,FRA-Ligue 1,0.0,0.0126420434042905,0.0,-0.0126420434042905,0.8,2019,0.0928792569659442,0.0928792569659442,0.34047919293820933,0.0,0.12111780511341333,0.08288253026821066,1.168083013704616,0.8623501722222123
Thilo Kehrer,2021,FRA-Ligue 1,0.0,0.0225423665221081,0.0323863163316205,-0.0549286828537286,0.8,2020,0.0807899461400359,0.0807899461400359,0.33686837180286966,0.16843418590143483,0.12757076828999744,0.08555579955798066,1.1198783899592826,0.8015829200736356
Thomas Partey,1920,ESP-La Liga,0.1061320754716981,0.0694024776227174,0.0369399122208497,-0.0002103143718691,1.0,2019,0.1166558651976668,0.1166558651976668,1.1320754716981132,0.7075471698113208,0.12001657435742667,0.08010820708493388,1.069561977013158,0.7561656384672363
Tiemoué Bakayoko,1617,FRA-Ligue 1,0.1216216216216216,0.0795489534534312,0.042064994800131,7.673368059304964e-06,0.8,2016,0.1699716713881019,0.1699716713881019,1.135135135135135,0.5675675675675675,0.11869735333391775,0.08309402362739356,1.1412417079388386,0.828458156011306
Timo Werner,1920,GER-Bundesliga,1.1469026548672567,0.6746094274046147,0.3082609669165274,0.1640322605461146,1.0,2019,0.4836852207293666,0.4836852207293666,3.9185840707964603,1.688495575221239,0.15052263402589686,0.10303606013326061,1.2458638997492884,0.8899530972056109
Timothy Castagne,1920,ITA-Serie A,0.1532349602724177,0.1009212722885554,0.1363041392283326,-0.0839904512444703,0.9,2019,0.1915708812260536,0.1915708812260536,0.8683314415437002,1.072644721906924,0.14006362798283753,0.0933927030281109,1.3346376392847148,0.9836501880881074
Trevoh Chalobah,2021,FRA-Ligue 1,0.160786065207682,0.0944831013819265,0.029997627886013,0.0363053359397424,0.8,2020,0.0,0.0,0.5627512282268871,0.32157213041536403,0.12757076828999744,0.08555579955798066,1.1198783899592826,0.8015829200736356
Tyler Adams,2021,GER-Bundesliga,0.0971922246220302,0.0673525497623061,0.0431209350342723,-0.0132812601745482,1.0,2020,0.0,0.0,0.3401727861771058,0.6803455723542116,0.13752107015121345,0.09596904295339548,1.1703065647184547,0.8602900536607867
Valon Behrami,1415,GER-Bundesliga,0.0,0.0184230184761257,0.0113448482104054,-0.0297678666865312,1.0,2014,0.0700934579439252,0.0700934579439252,0.46997389033942555,0.3289817232375979,0.12585429814326204,0.0891297410870744,1.2260459954240324,0.8856488696883693
Vicente Guaita,1718,ESP-La Liga,0.0,0.0,0.0044591517159433,-0.0044591517159433,1.0,2017,0.0,0.0,0.0,0.030303030303030304,0.12332007499011235,0.09088967724842442,1.099915025068942,0.8134904087137277
Vinicius Souza,2223,ESP-La Liga,0.0740436034553681,0.0341306415209121,0.0179420853304132,0.0219708766040427,1.0,2022,0.0336322869955156,0.0336322869955156,0.3702180172768408,0.4072398190045249,0.1342348605964645,0.09165752809710537,1.1794918770542455,0.8330488230496258
Víctor Camarasa,1718,ESP-La Liga,0.071827613727055,0.1023316384030763,0.0916642899248163,-0.1221683146008375,1.0,2017,0.3108211818879509,0.2762854950115119,1.5083798882681565,0.9337589784517158,0.12332007499011235,0.09088967724842442,1.099915025068942,0.8134904087137277
Wahbi Khazri,1516,FRA-Ligue 1,0.6712243629583593,0.2554382859845573,0.2712565863527001,0.1445294906211017,0.8,2015,0.1092233009708738,0.1092233009708738,2.237414543194531,3.0205096333126167,0.1162467877906303,0.08239113878817568,1.1188144655972636,0.8171192961600087
Wataru Endo,2223,GER-Bundesliga,0.2765448958688972,0.1586629135630193,0.1363637527662684,-0.0184817704603905,1.0,2022,0.0523864959254947,0.0523864959254947,1.3827244793444862,1.3827244793444862,0.1438281133071904,0.09941712680693564,1.1976565245214317,0.852762679303867
Wesley Fofana,1920,FRA-Ligue 1,0.0741962077493817,0.0612367130048198,0.0026765093898365,0.0102829853547253,0.8,2019,0.0,0.0,0.4451772464962902,0.1483924154987634,0.12111780511341333,0.08288253026821066,1.168083013704616,0.8623501722222123
Wesley Hoedt,1617,ITA-Serie A,0.0957446808510638,0.0610050688190583,0.006984560017256,0.0277550520147494,0.9,2016,0.0357142857142857,0.0357142857142857,0.9574468085106382,0.19148936170212766,0.12424289286205857,0.08514082416392892,1.2080415320839255,0.8913781504199302
William Saliba,2021,FRA-Ligue 1,0.05,0.0387044007889926,0.0019928550347685,0.0093027441762387,0.8,2020,0.1116625310173697,0.1116625310173697,0.3,0.1,0.12757076828999744,0.08555579955798066,1.1198783899592826,0.8015829200736356
Wilson Odobert,2223,FRA-Ligue 1,0.3078677309007982,0.1507631661911986,0.0919893886968323,0.0651151760127671,0.8,2022,0.2093023255813953,0.2093023255813953,1.3854047890535919,1.1801596351197265,0.13535208715905508,0.09470209454725483,1.139376874087895,0.8425136237516067
Wout Faes,2021,FRA-Ligue 1,0.0310024112986565,0.0479512894429879,0.0016187971038856,-0.018567675248217,0.8,2020,0.0967741935483871,0.0967741935483871,0.34102652428522223,0.06200482259731313,0.12757076828999744,0.08555579955798066,1.1198783899592826,0.8015829200736356
Xherdan Shaqiri,1415,ITA-Serie A,0.3653585926928281,0.0967740527126076,0.2669917619680035,0.0015927780122169,0.9,2014,0.3909266409266409,0.3909266409266409,2.4357239512855213,3.5317997293640055,0.12315198221923442,0.08455125186280919,1.2475606469571767,0.9252732097297275
Yoane Wissa,2021,FRA-Ligue 1,0.4678796880802079,0.3199307016289636,0.1194879573773671,0.0284610290738771,0.8,2020,0.5685407454200885,0.5685407454200885,1.9717786854808765,0.9691793538804307,0.12757076828999744,0.08555579955798066,1.1198783899592826,0.8015829200736356
Yohan Cabaye,1415,FRA-Ligue 1,0.1865284974093264,0.100242076779431,0.1024785060435533,-0.0161920854136579,0.8,2014,0.1979472140762463,0.0989736070381231,1.9585492227979275,0.839378238341969,0.11263332617924589,0.07415190993983715,1.079115209499508,0.7521590630429674
Youri Tielemans,1819,FRA-Ligue 1,0.3202846975088967,0.0979868373154162,0.1082617743769362,0.1140360858165443,0.8,2018,0.2843102843102843,0.2843102843102843,1.8149466192170818,1.0142348754448398,0.1243901930736094,0.08050706381799401,1.1828251365352067,0.83945176246747
Yves Bissouma,1718,FRA-Ligue 1,0.1735218508997429,0.1187248132969695,0.0437334416898633,0.01106359591291,0.8,2017,0.0,0.0,2.3714652956298203,0.6362467866323908,0.12230306888390616,0.0814024069134665,1.1736163730436393,0.8396652293432905
Zlatan Ibrahimovic,1516,FRA-Ligue 1,1.797884841363102,0.8392147064103923,0.3207373048904429,0.6379328300622669,0.8,2015,0.813141683778234,0.7392197125256673,5.4641598119858985,1.6216216216216215,0.1162467877906303,0.08239113878817568,1.1188144655972636,0.8171192961600087
Álex Moreno,2223,ESP-La Liga,0.2,0.1026244522382815,0.1151717839141686,-0.0177962361524502,1.0,2022,0.1742497579864472,0.1742497579864472,0.8666666666666667,0.6,0.1342348605964645,0.09165752809710537,1.1794918770542455,0.8330488230496258
Álvaro Morata,1617,ESP-La Liga,1.2895927601809956,0.6460042246006329,0.2604252364638165,0.3831632991165461,1.0,2016,0.7394876752054133,0.7394876752054133,3.733031674208145,1.153846153846154,0.11922709998595336,0.07874500423417105,1.1181375548225625,0.8041952895544978
Álvaro Negredo,1516,ESP-La Liga,0.5502183406113538,0.5308376723640156,0.2409140167017691,-0.2215333484544309,1.0,2015,0.4047042545831892,0.3424420615703908,3.065502183406114,1.0218340611353713,0.12593999927826008,0.09407751956217439,1.09916863848029,0.8087244986184323
