Name,Origin_Season,Origin_League,Pre_PL_G_A,Pre_PL_npxG,Pre_PL_xA,Finishing_Overperf,League_Quality_Score,Season_Control,PL_Raw_GA
Aaron Hickey,2021,ITA-Serie A,0.0,0.0045732924272123806,0.005498906213294119,-0.0100721986405065,0.9,2020,0.045965270684371805
Abdoulaye Doucouré,1516,FRA-Ligue 1,0.38338658146964855,0.1979144271939231,0.14449210498279658,0.040980049292928866,0.8,2015,0.06671608598962195
Adama Traoré,1920,FRA-Ligue 1,0.43186180422264875,0.11762172350170173,0.19663885797082578,0.11760122275012125,0.8,2019,0.13688212927756654
Ademola Lookman,1718,GER-Bundesliga,1.2435233160621761,0.44733912756405964,0.4369497328147369,0.3592344556833795,1.0,2017,0.31304347826086953
Adrián,1415,ESP-La Liga,0.047021943573667714,0.1031936878677119,0.03885527550123142,-0.09502701979527561,1.0,2014,0.0
Alexander Isak,2021,ESP-La Liga,0.6781079949769778,0.5923804424331995,0.0693747529806004,0.016352799563177922,1.0,2020,0.6470588235294118
Alexandre Lacazette,1617,FRA-Ligue 1,1.1548013245033113,0.4974197141289563,0.24803273119217414,0.4093488791821809,0.8,2016,0.7248322147651007
Alisson,1718,ITA-Serie A,0.0,0.0,0.00017244351171963784,-0.00017244351171963784,0.9,2017,0.0
Allan,1920,ITA-Serie A,0.2097902097902098,0.03997895834068735,0.07326063758635021,0.09655061386317224,0.9,2019,0.0
Allan Saint-Maximin,1819,FRA-Ligue 1,0.2766393442622951,0.1823233118563219,0.2042275587226585,-0.10991152631668533,0.8,2018,0.3322784810126582
Andreas Christensen,1617,GER-Bundesliga,0.06467840459935321,0.05289238363911341,0.014527461327882796,-0.002741440367642997,1.0,2016,0.0
Andreas Pereira,2021,ITA-Serie A,0.5443548387096774,0.13923797827784815,0.2390841800426584,0.16603268038917085,0.9,2020,0.325497287522604
André Ayew,1415,FRA-Ligue 1,0.45112781954887216,0.3606001557992365,0.12012294619659282,-0.02959528244695714,0.8,2014,0.4246713852376137
André Gomes,1718,ESP-La Liga,0.0,0.10729591654879707,0.02329831517168453,-0.1305942317204816,1.0,2017,0.08995502248875561
André Onana,2223,ITA-Serie A,0.0,0.0,0.0040817488916218255,-0.0040817488916218255,0.9,2022,0.0
André Schürrle,1718,GER-Bundesliga,0.3643724696356275,0.20776132880314163,0.2545364505426604,-0.09792530971017449,1.0,2017,0.32335329341317365
Angelo Ogbonna,1415,ITA-Serie A,0.0,0.04785257262695641,0.006065510908137468,-0.05391808353509388,0.9,2014,0.0
Anthony Martial,1415,FRA-Ligue 1,0.593732820230896,0.46135517705586204,0.11852374635206728,0.013853896822966671,0.8,2014,0.5129179331306991
Antonio Barragán,1516,ESP-La Liga,0.0,0.0,0.018561657155905305,-0.018561657155905305,1.0,2015,0.0
Antonio Rüdiger,1617,ITA-Serie A,0.08155867693701858,0.029552497727586287,0.03769245249774995,0.01431372671168235,0.9,2016,0.11553273427471118
Anwar El Ghazi,1718,FRA-Ligue 1,0.43902439024390244,0.23492088737306982,0.1689453250331032,0.0351581778377294,0.8,2017,0.345821325648415
Ashley Young,2021,ITA-Serie A,0.313588850174216,0.09567706953435617,0.13408279595474748,0.08382898468511235,0.9,2020,0.04403131115459882
Axel Disasi,2223,FRA-Ligue 1,0.1622108741363773,0.07157494357657544,0.029549869020785897,0.06108606153901597,0.8,2022,0.06960556844547564
Aymeric Laporte,1718,ESP-La Liga,0.05263157894736842,0.03191423671025979,0.05461742611307847,-0.033900083875969836,1.0,2017,0.17652827721477607
Bernardo,1718,GER-Bundesliga,0.1334321719792439,0.028463183778626017,0.043700817168819364,0.06126817103179852,1.0,2017,0.05172413793103449
Bernardo Silva,1617,FRA-Ligue 1,0.5408271474019088,0.18157963811845568,0.23568951203818664,0.1235579972452665,0.8,2016,0.6
Bernd Leno,1718,GER-Bundesliga,0.0,0.0,0.004845196889205413,-0.004845196889205413,1.0,2017,0.0
Bertrand Traoré,1920,FRA-Ligue 1,0.28753993610223644,0.26465400241124937,0.2189494613944865,-0.19606352770349944,0.8,2019,0.4953429297205758
Beto,2223,ITA-Serie A,0.4645706241201314,0.42630903060093056,0.12217800041152832,-0.08391640689232749,0.9,2022,0.30066815144766146
Boubacar Kamara,2021,FRA-Ligue 1,0.061707233459033256,0.020300294446605992,0.05446251122268823,-0.013055572210260963,0.8,2020,0.05027932960893854
Boubakary Soumare,2021,FRA-Ligue 1,0.047046523784631464,0.0065034286299661,0.029292469060411643,0.011250626094253723,0.8,2020,0.0
Bruno,1617,ESP-La Liga,0.21112600536193027,0.057468082444947055,0.04871878197451618,0.10493914094246704,1.0,2016,0.0
Bruno Guimarães,2021,FRA-Ligue 1,0.20454545454545453,0.09104337981923229,0.10069553979503161,0.012806534931190633,0.8,2020,0.29326574945691525
Callum Hudson-Odoi,2223,GER-Bundesliga,0.14754098360655737,0.023923460668960547,0.09181044702647162,0.03180707591112521,1.0,2022,0.43926247288503256
Carlos Baleba,2223,FRA-Ligue 1,0.0,0.07807410771594099,0.010067810749878054,-0.08814191846581905,0.8,2022,0.0
Casemiro,2021,ESP-La Liga,0.31013094417643,0.20748053573721506,0.0901175419165195,0.012532866522695418,1.0,2020,0.29619181946403383
Cheick Oumar Doucoure,2021,FRA-Ligue 1,0.1021566401816118,0.037353769130793385,0.038941657925436905,0.025861213125381505,0.8,2020,0.09557522123893805
Chicharito,1617,GER-Bundesliga,0.695364238410596,0.5094624242887197,0.13173833449327987,0.05416347962859647,1.0,2016,0.47244094488188976
Christian Eriksen,2021,ITA-Serie A,0.19271948608137046,0.07586935158156864,0.1534401918751461,-0.036590057375344265,0.9,2020,0.3868194842406877
Christian Fuchs,1415,GER-Bundesliga,0.31523642732049034,0.04157828163818803,0.20617911269180408,0.06747903299049823,1.0,2014,0.13303769401330376
Christian Pulisic,1819,GER-Bundesliga,0.7860262008733625,0.5067699839763636,0.29171379010587545,-0.012457573208876527,1.0,2018,0.6731875719217492
Claudio Bravo,1516,ESP-La Liga,0.0,0.0,0.0,0.0,1.0,2015,0.0
Clement Lenglet,2021,ESP-La Liga,0.036334275333064193,0.08734887122933452,0.028869500176941235,-0.07988409607321156,1.0,2020,0.08827856792545366
Cristhian Stuani,1415,ESP-La Liga,0.621046578493387,0.4410613286124179,0.0440597145369918,0.13592553534397722,1.0,2014,0.26296566837107377
Cristian Romero,2021,ITA-Serie A,0.14106583072100315,0.04788990878444574,0.029751619435029346,0.06342430250152806,0.9,2020,0.03802281368821293
Dango Ouattara,2223,FRA-Ligue 1,0.6346153846153847,0.34606730418566334,0.22938533922514093,0.05916274120458043,0.8,2022,0.22499999999999998
Dani Ceballos,1819,ESP-La Liga,0.21686746987951808,0.16173167504280445,0.09069085403917783,-0.035555059202464184,1.0,2018,0.10452961672473868
Danilo,1617,ITA-Serie A,0.08426966292134831,0.03244734874120756,0.007282893194325183,0.044539420985815564,0.9,2016,0.3363228699551569
Danilo,2223,ITA-Serie A,0.17013232514177695,0.07064225748075711,0.08166944968121546,0.017820617979804387,0.9,2022,0.2001111728738188
David Luiz,1516,FRA-Ligue 1,0.12943432406519656,0.060631933167562505,0.07526801307958016,-0.006465622181946101,0.8,2015,0.03041568097330179
Davide Zappacosta,1617,ITA-Serie A,0.23166023166023167,0.03287298464608239,0.1962230182666346,0.0025642287475146908,0.9,2016,0.16483516483516483
Dejan Kulusevski,2021,ITA-Serie A,0.32863849765258213,0.15654494504973362,0.29736842522878604,-0.1252748726259375,0.9,2020,0.3820754716981132
Dennis Praet,1819,ITA-Serie A,0.1549053356282272,0.07131569415471947,0.13683312989630306,-0.05324348842279533,0.9,2018,0.2402135231316726
Didier Ndong,1516,FRA-Ligue 1,0.08835078534031414,0.04711677007625825,0.030949044587451437,0.010284970676604457,0.8,2015,0.03572846367606193
Dimitri Payet,1415,FRA-Ligue 1,0.6736088512853888,0.11953026792134518,0.386140579269854,0.16793800409418969,0.8,2014,0.733695652173913
Diogo Dalot,2021,ITA-Serie A,0.16822429906542055,0.04293853688602135,0.08056245819082326,0.044723303988575935,0.9,2020,0.12476894639556377
Divock Origi,2223,ITA-Serie A,0.27522935779816515,0.3267334138444804,0.0939440853688695,-0.14544814141518475,0.9,2022,0.1615798922800718
Djibril Sidibe,1819,FRA-Ligue 1,0.0872093023255814,0.04210600659229554,0.1523763454264723,-0.10727304969318645,0.8,2018,0.19933554817275748
Dominik Szoboszlai,2223,GER-Bundesliga,0.4754164973587972,0.16184312660415112,0.33925872858445705,-0.025685357829810962,1.0,2022,0.2107728337236534
Douglas Luiz,1819,ESP-La Liga,0.0,0.06286421102104765,0.03605949060257637,-0.09892370162362402,1.0,2018,0.17294388931591084
Edinson Cavani,1920,FRA-Ligue 1,0.7588532883642496,1.3013247220853932,0.16588174346928652,-0.7083531771904301,0.8,2019,0.8634686346863468
Edouard Mendy,1920,FRA-Ligue 1,0.0,0.0,0.0,0.0,0.8,2019,0.0
Emerson,2021,ESP-La Liga,0.15010006671114076,0.041966447963927934,0.09562597994949219,0.012507638797720627,1.0,2020,0.15579919215233698
Emiliano Buendía,1516,ESP-La Liga,0.12328767123287672,0.12827258699969074,0.030912658225183617,-0.03589757399199765,1.0,2015,0.2924451665312754
Eric Bailly,1516,ESP-La Liga,0.0,0.009988966416760345,0.025558611731508085,-0.03554757814826843,1.0,2015,0.0
Eric Maxim Choupo-Moting,1617,GER-Bundesliga,0.3730017761989343,0.23869809246296148,0.19325821625720546,-0.05895453252123262,1.0,2016,0.39875941515285773
Erik Durm,1617,GER-Bundesliga,0.18480492813141683,0.06567493908191424,0.16800576857304547,-0.048875779523542884,1.0,2016,0.043923865300146414
Erik Pieters,1819,FRA-Ligue 1,0.14274385408406026,0.06924276670011191,0.04204650852654918,0.03145457885739916,0.8,2018,0.19148936170212766
Erling Haaland,2021,GER-Bundesliga,1.2293046357615893,0.7661685391039347,0.1503271031014572,0.3128089935561975,1.0,2020,1.4127720299678914
Estupiñán,2021,ESP-La Liga,0.0,0.037297990321725316,0.14190188227811018,-0.1791998725998355,1.0,2020,0.19948282231252307
Ezequiel Schelotto,1415,ITA-Serie A,0.0,0.1069151654609301,0.08000271509956108,-0.1869178805604912,0.9,2014,0.0
Fabian Schär,1718,ESP-La Liga,0.16208914903196758,0.13002927288017205,0.029636939592535355,0.0024229365592601804,1.0,2017,0.22421524663677128
Fabinho,1718,FRA-Ligue 1,0.29411764705882354,0.06265612565638388,0.12507361957036398,0.1063879018320757,0.8,2017,0.1345962113659023
Felipe Anderson,1718,ITA-Serie A,0.8691834942932397,0.2173976382670746,0.3466744292805444,0.30511142674562075,0.9,2017,0.38073543768304585
Ferrán Torres,1920,ESP-La Liga,0.3558875219683656,0.15904461100340703,0.2001755478217386,-0.0033326368567800357,1.0,2019,0.6206896551724138
Florent Hadergjonaj,1617,GER-Bundesliga,0.12140287769784172,0.01149083510302543,0.07410740115086836,0.03580464144394793,1.0,2016,0.05373134328358209
Florian Lejeune,1617,ESP-La Liga,0.060626473560121255,0.0774413021061784,0.01716704414915902,-0.03398187269521617,1.0,2016,0.08559201141226819
Florin Andone,1718,ESP-La Liga,0.49723756906077343,0.5808421346816897,0.05690073491542379,-0.14050530053634003,1.0,2017,0.31358885017421606
Franck Zambo,1718,FRA-Ligue 1,0.0,0.04253122100921731,0.1271776294204594,-0.1697088504296767,0.8,2017,0.0
Franck Zambo,1920,ESP-La Liga,0.069713400464756,0.10269480178855492,0.021468645789877654,-0.05445004711367657,1.0,2019,0.104570100697134
Frederic Guilbert,1819,FRA-Ligue 1,0.09246575342465754,0.009168543549866914,0.08753381223315757,-0.004236602358366939,0.8,2018,0.08801955990220049
Gabriel,1415,ESP-La Liga,0.0,0.029561875014801762,0.02821810264198322,-0.057779977656784984,1.0,2014,0.05110732538330494
Gabriel,1920,ITA-Serie A,0.0,0.0,0.0,0.0,0.9,2019,0.09027081243731194
Gabriel,2021,ESP-La Liga,0.16568483063328424,0.03102842428610387,0.02014780239118414,0.11450860395599623,1.0,2020,0.07903981264637003
Gabriel,2223,ESP-La Liga,0.05968169761273209,0.0718251828212953,0.018698207969809397,-0.030841693178372598,1.0,2022,0.08852459016393444
Gareth Bale,1920,ESP-La Liga,0.3275705186533212,0.3317250944572324,0.12814633919432883,-0.13230091499824004,1.0,2019,1.2871287128712872
Gerard Deulofeu,1415,ESP-La Liga,0.6792452830188679,0.2703356160167253,0.24015351947186125,0.16875614753028134,1.0,2014,0.6479481641468683
Gerard Deulofeu,1718,ESP-La Liga,0.35714285714285715,0.20420144179037641,0.31300142573724904,-0.1600600103847683,1.0,2017,0.6398104265402844
Giovani Lo Celso,2223,ESP-La Liga,0.3937007874015748,0.23916714854069115,0.27101225784327104,-0.11647861898238737,1.0,2022,0.7725321888412017
Granit Xhaka,1516,GER-Bundesliga,0.15202702702702703,0.06448309030265836,0.08886205211023775,-0.0013181153858690675,1.0,2015,0.14446227929373998
Grzegorz Krychowiak,1617,FRA-Ligue 1,0.0,0.06509005174176671,0.016593400722986658,-0.08168345246475336,0.8,2016,0.10948905109489052
Guglielmo Vicario,2223,ITA-Serie A,0.0,0.0,0.0,0.0,0.9,2022,0.0
Henrikh Mkhitaryan,1516,GER-Bundesliga,0.9076803723816912,0.4012981638647587,0.5544509180395917,-0.04806870952265918,1.0,2015,0.33407572383073497
Hélder Costa,1516,FRA-Ligue 1,0.3472222222222222,0.211715322220698,0.1753369850727419,-0.03983008507121766,0.8,2015,0.20074349442379183
Ibrahima Diallo,1920,FRA-Ligue 1,0.05758157389635316,0.004500593085578441,0.03944215159183958,0.013638829218935146,0.8,2019,0.0
Idrissa Gueye,1415,FRA-Ligue 1,0.19751280175566935,0.06522549653184637,0.04372909112922689,0.08855821409459609,0.8,2014,0.029173419773095625
Idrissa Gueye,2021,FRA-Ligue 1,0.17088607594936708,0.05068858670471589,0.046507049375508404,0.07369043986914278,0.8,2020,0.03411675511751327
Igor Julio,2223,ITA-Serie A,0.0,0.016277797153798144,0.016548116714081487,-0.03282591386787963,0.9,2022,0.0
Isaac Mbenza,1718,FRA-Ligue 1,0.3444976076555024,0.32500184389749215,0.05141808938805424,-0.03192232563004399,0.8,2017,0.1882845188284519
Isaac Success,1718,ESP-La Liga,0.18072289156626506,0.07471500065581627,0.29598086533776247,-0.18997297442731367,1.0,2017,0.1773399014778325
Ismaila Sarr,1819,FRA-Ligue 1,0.4485582057671769,0.16623504187324242,0.233966057159301,0.048357106734633504,0.8,2018,0.3974484789008832
Issa Diop,1718,FRA-Ligue 1,0.08823529411764706,0.05570059935288394,0.01379894947304445,0.018735745291718675,0.8,2017,0.030303030303030304
Issa Kabore,2223,FRA-Ligue 1,0.08991008991008992,0.11145930488842291,0.08756363699277799,-0.10911285197111098,0.8,2022,0.10297482837528604
Ivan Perisic,2021,ITA-Serie A,0.4002223457476376,0.2475235947180517,0.21072760425723383,-0.05802885322764795,0.9,2020,0.3844328429046037
Iyenoma Destiny Udogie,2223,ITA-Serie A,0.23110785033015407,0.115727188205039,0.10635792611198266,0.009022736013132415,0.9,2022,0.1846532622076323
Jadon Sancho,2021,GER-Bundesliga,0.8209313490158425,0.25909913718106653,0.35618280477739556,0.20564940705738044,1.0,2020,0.47368421052631576
Jakub Kiwior,2223,ITA-Serie A,0.0,0.040154696542246286,0.03737752056442017,-0.07753221710666645,0.9,2022,0.3777544596012592
Jannik Vestergaard,1718,GER-Bundesliga,0.09375,0.061363969260128215,0.021566380746662617,0.010819649993209168,1.0,2017,0.0
Javier Manquillo,1516,FRA-Ligue 1,0.03364485981308411,0.007969878547798804,0.05268214089082223,-0.027007159625536924,0.8,2015,0.06324666198172874
Jean Michael Seri,1718,FRA-Ligue 1,0.2735562310030395,0.06375848225425465,0.14915050873263969,0.06064724001614516,0.8,2017,0.1187335092348285
Jean-Philippe Mateta,2021,GER-Bundesliga,0.7142857142857143,0.683605708680781,0.12019475930303868,-0.08951475369810535,1.0,2020,0.2510460251046025
Jean-Ricner Bellegarde,2223,FRA-Ligue 1,0.2947196070405239,0.08802567492382135,0.19690290064449148,0.009791031472211054,0.8,2022,0.2878464818763326
Jefferson Lerma,1718,ESP-La Liga,0.04201680672268907,0.04274614307904193,0.0650014791308957,-0.06573081548724857,1.0,2017,0.07123070834982193
Joachim Andersen,1920,FRA-Ligue 1,0.058785107772697576,0.06031730735417793,0.006846807371511091,-0.008379006952991444,0.8,2019,0.06588579795021962
Joel Matip,1516,GER-Bundesliga,0.17647058823529413,0.09262052438605357,0.049392620649407894,0.034457443199832655,1.0,2015,0.036689767631471665
Joelinton,1819,GER-Bundesliga,0.5025593299208935,0.37405019420601704,0.21552621280768408,-0.0870170770928076,1.0,2018,0.1322556943423953
Jonas Lössl,1617,GER-Bundesliga,0.0,0.0010133592618836297,0.003716162923309537,-0.004729522185193167,1.0,2016,0.02631578947368421
Jonny,1718,ESP-La Liga,0.08416458852867831,0.052895987243217375,0.0504032719213785,-0.01913467063591756,1.0,2017,0.06446991404011461
Jordan Ayew,1415,FRA-Ligue 1,0.5848623853211009,0.3299725699716956,0.11201678576597243,0.14287302958343284,0.8,2014,0.267402376910017
Jordan Veretout,1415,FRA-Ligue 1,0.3635798632691113,0.056031329234317646,0.2003241518704537,0.10722438216433994,0.8,2014,0.24576734025122882
Jorginho,1718,ITA-Serie A,0.20171834142697048,0.041528810034820875,0.1286816261959223,0.031507905196227315,0.9,2017,0.056621579112928595
Joselu,1415,GER-Bundesliga,0.3996770286637061,0.31194984948967175,0.13109849501953139,-0.04337131584549708,1.0,2014,0.41977611940298504
Joselu,1617,ESP-La Liga,0.6108597285067873,0.2700534657094779,0.021555458208149914,0.31925080458915944,1.0,2016,0.2601156069364162
Josko Gvardiol,2223,GER-Bundesliga,0.04153207198892478,0.07293410922422572,0.025588216485277704,-0.05699025372057864,1.0,2022,0.19271948608137046
João Moutinho,1718,FRA-Ligue 1,0.22491967154587647,0.028460785914152614,0.16986820986444548,0.026590675767278388,0.8,2017,0.26531280707500815
João Pedro,2021,ITA-Serie A,0.5224564619615032,0.26076498524201347,0.14563071542341813,0.11606076129607157,0.9,2020,0.5330700888450147
Justin Kluivert,2223,ESP-La Liga,0.3716448726772195,0.3635263338067145,0.16946081609220973,-0.16134227722170474,1.0,2022,0.35485460818137016
Jéremy Doku,2223,FRA-Ligue 1,0.5638214565387627,0.20567269568435828,0.3136719760945185,0.04447678475988592,0.8,2022,0.6126237623762376
Kai Havertz,1920,GER-Bundesliga,0.6566680178354276,0.33933772132054335,0.30221357314957265,0.015116723365311557,1.0,2019,0.41365725541694026
Kalidou Koulibaly,2021,ITA-Serie A,0.0,0.039793239909798495,0.012095235195516137,-0.051888475105314635,0.9,2020,0.14925373134328357
Kenny Tete,1920,FRA-Ligue 1,0.08530805687203792,0.051276498028381745,0.12560001367005694,-0.09156845482640076,0.8,2019,0.060687795010114634
Kepa,1718,ESP-La Liga,0.0,0.0,0.008589633305867513,-0.008589633305867513,1.0,2017,0.0
Kevin De Bruyne,1415,GER-Bundesliga,0.8846657929226737,0.22777397670755029,0.4219545848633445,0.2349372313517789,1.0,2014,0.7178464606181456
Kieran Trippier,2021,ESP-La Liga,0.21782977006857604,0.004731287879958753,0.1423503521690089,0.07074813001960839,1.0,2020,0.21377672209026127
Kiko Femenía,1617,ESP-La Liga,0.07197121151539385,0.008069660554810171,0.08891507789570062,-0.02501352693511695,1.0,2016,0.10452961672473868
Lamine Koné,1516,FRA-Ligue 1,0.0,0.0564038468584899,0.0019498529333260744,-0.05835369979181597,0.8,2015,0.03537735849056604
Leon Bailey,2021,GER-Bundesliga,0.7112970711297072,0.2728242701441673,0.2656560710720936,0.17281672991344632,1.0,2020,0.35450516986706054
Leroy Sané,1516,GER-Bundesliga,0.5442764578833693,0.2563323109827083,0.18768367777954684,0.10026046912111419,1.0,2015,0.4015616285554936
Lucas Digne,1718,ESP-La Liga,0.25641025641025644,0.041670975490258284,0.2248430147002905,-0.010103733780292334,1.0,2017,0.24258760107816715
Lucas Paquetá,2021,FRA-Ligue 1,0.547112462006079,0.29610689812757585,0.250394564773847,0.0006109991046561181,0.8,2020,0.28519692168401994
Lucas Torreira,1718,ITA-Serie A,0.14097744360902256,0.03954247380711866,0.06737745120155071,0.03405751860035319,0.9,2017,0.1521555367709214
Luciano Vietto,1718,ESP-La Liga,0.34177215189873417,0.1968307701187043,0.18223891350664667,-0.03729753172661682,1.0,2017,0.4615384615384615
Lyanco,2021,ITA-Serie A,0.0,0.07014749748746703,0.016573895924289,-0.08672139341175603,0.9,2020,0.15517241379310345
Malo Gusto,2223,FRA-Ligue 1,0.055693069306930694,0.03439488063455735,0.1664777766996165,-0.14517958802724315,0.8,2022,0.3078677309007982
Manolo Gabbiadini,1617,ITA-Serie A,0.5252918287937743,0.4798208474967962,0.008803442943159934,0.036667538353818196,0.9,2016,0.42613636363636365
Manuel Akanji,2021,GER-Bundesliga,0.07659574468085106,0.07568954338735721,0.007963012388729034,-0.007056811095235177,1.0,2020,0.03961267605633803
Marc Cucurella,2021,ESP-La Liga,0.1382488479262673,0.06094657277799972,0.09957876485613634,-0.022276489707868774,1.0,2020,0.1070154577883472
Marcos Alonso,1516,ITA-Serie A,0.26888604353393086,0.1334893843457198,0.16120309695820878,-0.025806437769997692,0.9,2015,0.3004451038575668
Mario Lemina,1617,ITA-Serie A,0.2027027027027027,0.24815110414213423,0.08618623181875493,-0.13163463325818647,0.9,2016,0.10434782608695652
Mario Lemina,2223,FRA-Ligue 1,0.0,0.021645683690766308,0.007339689399716307,-0.028985373090482616,0.8,2022,0.14990006662225183
Mario Vrancic,1617,GER-Bundesliga,0.3499675955930006,0.10012983644474116,0.2395103917513296,0.010327367396929854,1.0,2016,0.1468189233278956
Mark Flekken,2223,GER-Bundesliga,0.0,0.0,0.01665806244401371,-0.01665806244401371,1.0,2022,0.027330701488004858
Marten de Roon,1516,ITA-Serie A,0.0870125684821141,0.018863495318636257,0.03486472035209249,0.03328435281138535,0.9,2015,0.12954300107952502
Martín Montoya,1718,ESP-La Liga,0.16728624535315986,0.010432381289803377,0.08314508580356893,0.07370877825978756,1.0,2017,0.04157043879907621
Mateo Kovacic,1718,ESP-La Liga,0.09164969450101833,0.031696368623411096,0.06141543237572107,-0.0014621064981138326,1.0,2017,0.10250569476082004
Matheus Pereira,1920,FRA-Ligue 1,0.0,0.1296349116959251,0.08805617134874828,-0.21769108304467338,0.8,2019,0.5898226676946801
Matteo Darmian,1415,ITA-Serie A,0.1048951048951049,0.07716110210631277,0.11704064205523346,-0.08930663926644133,0.9,2014,0.04646360351058337
Max Meyer,1718,GER-Bundesliga,0.0,0.010086267312550558,0.017253843587600955,-0.027340110900151513,1.0,2017,0.19244476122594442
Maxime Le Marchand,1718,FRA-Ligue 1,0.10642491131257391,0.015867386610901726,0.025334199817075145,0.06522332488459703,0.8,2017,0.039982230119946685
Micah Richards,1415,ITA-Serie A,0.0,0.018682101037987356,0.016988409841631316,-0.03567051087961867,0.9,2014,0.08784773060029283
Michy Batshuayi,1516,FRA-Ligue 1,0.7956477388643318,0.5219303367964085,0.10280969905781324,0.17090770301011005,0.8,2015,2.443438914027149
Micky van de Ven,2223,GER-Bundesliga,0.06060606060606061,0.04005971576341174,0.049361386985489815,-0.028815042142840946,1.0,2022,0.11513859275053304
Miguel Britos,1415,ITA-Serie A,0.06020066889632107,0.06348877563997854,0.014998857866362186,-0.01828696461001965,0.9,2014,0.0
Mikkel Damsgaard,2021,ITA-Serie A,0.30456852791878175,0.16973789370037276,0.10768029068213732,0.02715034353627166,0.9,2020,0.0
Mohamed Salah,1617,ITA-Serie A,0.9367493995196157,0.483205042096426,0.34708815230857476,0.10645620511461495,0.9,2016,1.2796208530805686
Moise Kean,1819,ITA-Serie A,1.0246679316888045,0.6509370276213146,0.06796040029690885,0.3057705037705811,0.9,2018,0.4597701149425288
Moussa Diaby,2223,GER-Bundesliga,0.5592105263157895,0.3117200988344848,0.2810041026187767,-0.03351367513747194,1.0,2022,0.5642633228840126
N'Golo Kanté,1415,FRA-Ligue 1,0.19780219780219782,0.045053761060608426,0.07051169346825015,0.08223674327333924,0.8,2014,0.14945200929923613
Naby Keita,1718,GER-Bundesliga,0.5025380710659898,0.15172897226314255,0.19023991222044234,0.16056918658240493,1.0,2017,0.19189765458422176
Nampalys Mendy,1718,FRA-Ligue 1,0.09307135470527406,0.00218070839313094,0.004862215131089752,0.08602843118105337,0.8,2017,0.0
Naouirou Ahamada,2223,GER-Bundesliga,0.25245441795231416,0.03874530896889294,0.06994907438577391,0.1437600345976473,1.0,2022,0.0
Neal Maupay,1516,FRA-Ligue 1,0.5283757338551859,0.1614947472890354,0.2286002834358502,0.13828070313030028,0.8,2015,0.4205607476635514
Neto,2021,ESP-La Liga,0.0,0.0,0.0,0.0,1.0,2020,0.0
Nicolas Jackson,2223,ESP-La Liga,0.8905380333951763,0.476597675600941,0.2305967904323218,0.18334356736191348,1.0,2022,0.6068133427963095
Nicolas Pepe,1819,FRA-Ligue 1,0.8910891089108911,0.3680846572817579,0.28024346581941034,0.24276098580972294,0.8,2018,0.44532409698169223
Nicolo Zaniolo,2223,ITA-Serie A,0.09933774834437087,0.40060083468179436,0.0889690617555814,-0.3902321480930049,0.9,2022,0.21951219512195122
Nicolás Domínguez,2223,ITA-Serie A,0.19421665947345707,0.0820261986992922,0.1347121923846781,-0.02252173161051324,0.9,2022,0.23331173039533376
Nicolás Otamendi,1415,ESP-La Liga,0.17408123791102514,0.09027525391681858,0.002356447780241817,0.08144953621396475,1.0,2014,0.03367003367003367
Nordin Amrabat,1516,ESP-La Liga,0.08832188420019627,0.11708520617888064,0.22814273326068213,-0.2569060552393665,1.0,2015,0.12735849056603774
Nyom,1415,ESP-La Liga,0.030100334448160536,0.021623831099042527,0.052864486722269385,-0.04438798337315137,1.0,2014,0.03624647603705195
Nélson Semedo,1920,ESP-La Liga,0.12875536480686695,0.02895627434609274,0.09711853720151815,0.0026805532592560632,1.0,2019,0.06012024048096193
Odsonne Edouard,1617,FRA-Ligue 1,0.1624548736462094,0.25493487507266255,0.031767578842622705,-0.12424758026907587,0.8,2016,0.34634414513468936
Ola Aina,1920,ITA-Serie A,0.08678881388621022,0.01757850178958365,0.09798935714663658,-0.02877904505001,0.9,2019,0.10063361908311592
Ola Aina,2223,ITA-Serie A,0.20761245674740486,0.08467085156783101,0.2153964527595827,-0.09245484758000883,0.9,2022,0.10404624277456648
Oliver Burke,1920,ESP-La Liga,0.12875536480686695,0.1701762170287033,0.08429212635582864,-0.125712978577665,1.0,2019,0.14150943396226415
Orel Mangala,2021,GER-Bundesliga,0.17061611374407584,0.049494454566548225,0.07426559816057225,0.04685606101695536,1.0,2020,0.11385199240986718
Oriol Romeu,1415,GER-Bundesliga,0.0,0.019708517933839806,0.007456272100654814,-0.02716479003449462,1.0,2014,0.05632040050062578
Pablo Fornals,1819,ESP-La Liga,0.18101367658889783,0.1417884220648632,0.19569099748886262,-0.15646574296482801,1.0,2018,0.28767123287671237
Pape Souaré,1415,FRA-Ligue 1,0.0,0.005187269393549079,0.023742807107454546,-0.028930076501003626,0.8,2014,0.02983095790520384
Pascal Groß,1617,GER-Bundesliga,0.29626920263350404,0.1120159607421506,0.2537136681135349,-0.06946042622218146,1.0,2016,0.45317220543806647
Pau Torres,2223,ESP-La Liga,0.029459901800327332,0.06241224370226142,0.0334554412897597,-0.06640778319169378,1.0,2022,0.0729631130928253
Paul Pogba,1516,ITA-Serie A,0.5966191581040768,0.21838765217866135,0.21181699693607975,0.16641450898933574,0.9,2015,0.3108211818879509
Pedro,1415,ESP-La Liga,0.7091267235718977,0.46129551777910893,0.38020144047329324,-0.13237023468050446,1.0,2014,0.39301310043668125
Pedro Obiang,1415,ITA-Serie A,0.12987012987012986,0.12766595497461303,0.08724551324357653,-0.08504133834805971,0.9,2014,0.08419083255378858
Philippe Coutinho,2021,ESP-La Liga,0.5397301349325337,0.5788570796062742,0.09172825435961204,-0.13085519903335252,1.0,2020,0.12
Pierre-Emerick Aubameyang,1718,GER-Bundesliga,1.0133708655876144,0.8627988850562862,0.16202206726669005,-0.011450086735361964,1.0,2017,0.8868613138686132
Pierre-Emile Højbjerg,1516,GER-Bundesliga,0.07075471698113207,0.08156866803853158,0.017357037516908265,-0.028170988574307762,1.0,2015,0.0
Ragnar Klavan,1516,GER-Bundesliga,0.0,0.021278935417420642,0.01342553563167384,-0.03470447104909448,1.0,2015,0.0
Raphael Varane,2021,ESP-La Liga,0.06622516556291391,0.09033231329888303,0.005641596727936669,-0.029748744463905782,1.0,2020,0.0
Raphinha,1920,FRA-Ligue 1,0.42303172737955347,0.24272704219005642,0.25056870121806507,-0.07026401602856802,0.8,2019,0.5698607007176023
Rasmus Højlund,2223,ITA-Serie A,0.5362946912242686,0.5015571605321322,0.09266282506448541,-0.057925294372348946,0.9,2022,0.48868778280542985
Rayan Ait Nouri,1920,FRA-Ligue 1,0.13921113689095127,0.016549517705241375,0.044640423470714806,0.07802119571499509,0.8,2019,0.1272984441301273
Raúl Jiménez,1415,ESP-La Liga,0.48387096774193544,0.44164468233864146,0.3392082176381542,-0.2969819322348602,1.0,2014,0.5727012408526885
Remo Freuler,2021,ITA-Serie A,0.16507703595011006,0.06638662487826012,0.13052671730944715,-0.03183630623759723,0.9,2020,0.0
Renan Lodi,2021,ESP-La Liga,0.24324324324324323,0.05851713245784914,0.15258767923994643,0.032138431545447654,1.0,2020,0.04025044722719141
Ricardo Pereira,1617,FRA-Ligue 1,0.26226323457989315,0.06549396673819,0.15028763833831618,0.04648162950338697,0.8,2016,0.23010546500479387
Roberto Firmino,1415,GER-Bundesliga,0.5237932214994865,0.2810648824631892,0.27729805408747726,-0.034569715051180006,1.0,2014,0.7630922693266833
Rodri,1819,ESP-La Liga,0.1309090909090909,0.09181762338361957,0.04832843204790895,-0.009236964522437635,1.0,2018,0.18086816720257234
Rodrigo,1920,ESP-La Liga,0.5177824267782427,0.3403709795536419,0.2729509578857992,-0.09553951066119837,1.0,2019,0.6303501945525292
Romain Perraud,2021,FRA-Ligue 1,0.2866242038216561,0.07776569502701046,0.08966430207228016,0.11919420672236547,0.8,2020,0.19543973941368079
Ross Barkley,2223,FRA-Ligue 1,0.5934065934065934,0.4550794312771369,0.24903501527240643,-0.11070785314294995,0.8,2022,0.3083365055196041
Ryan Gravenberch,2223,GER-Bundesliga,0.0,0.13239224234585292,0.06223273539537496,-0.1946249777412279,1.0,2022,0.08064516129032258
Sasa Lukic,2223,ITA-Serie A,0.1507537688442211,0.08970948844099763,0.10095774233528416,-0.03991346193206069,0.9,2022,0.08130081300813008
Sead Kolasinac,1617,GER-Bundesliga,0.3474903474903475,0.1046629945979486,0.12349299577686892,0.11933435711552998,1.0,2016,0.25069637883008355
Sebastian Prödl,1415,GER-Bundesliga,0.2067777139574957,0.11622291571839934,0.05926436259443906,0.031290435644657305,1.0,2014,0.10146561443066515
Sergio Reguilón,1920,ESP-La Liga,0.2151394422310757,0.08820638672051677,0.14684525422336334,-0.01991219871280439,1.0,2019,0.1195748449955713
Sergio Rico,1718,ESP-La Liga,0.0,0.0,0.0,0.0,1.0,2017,0.0
Shinji Okazaki,1415,GER-Bundesliga,0.48439181916038754,0.3175254497352278,0.10571026985119504,0.06115609957396473,1.0,2014,0.21377672209026127
Shkodran Mustafi,1516,ESP-La Liga,0.06711409395973154,0.05160039222030432,0.04013527528501597,-0.024621573545588735,1.0,2015,0.158311345646438
Sofiane Boufal,1516,FRA-Ligue 1,0.5742237345810293,0.12651871339988827,0.3189187098384816,0.1287863113426594,0.8,2015,0.08256880733944955
Sofiane Boufal,1819,ESP-La Liga,0.2554399243140965,0.14947665331915175,0.154379251718789,-0.04841598072384423,1.0,2018,0.24128686327077745
Sofiane Feghouli,1516,ESP-La Liga,0.14365522745411013,0.20240965289645735,0.21685364291202708,-0.2756080683543743,1.0,2015,0.5222437137330754
Sofyan Amrabat,2223,ITA-Serie A,0.044642857142857144,0.017816472557439865,0.03613007737190596,-0.009303692786488682,0.9,2022,0.0
Sokratis,1718,GER-Bundesliga,0.07575757575757576,0.044765932570126926,0.00836031066931107,0.022631332518137766,1.0,2017,0.12283894449499545
Son Heung-Min,1415,GER-Bundesliga,0.5075921908893709,0.20835966215248738,0.10675964868928502,0.1924728800475985,1.0,2014,0.4054054054054054
Steve Mounie,1617,FRA-Ligue 1,0.5389221556886228,0.36851518466286604,0.0913909016824621,0.07901606934329464,0.8,2016,0.38918918918918916
Sven Botman,2021,FRA-Ligue 1,0.0,0.021920754270174106,0.006850995188081094,-0.0287717494582552,0.8,2020,0.0
Sébastien Haller,1819,GER-Bundesliga,0.9926470588235294,0.4723984111264786,0.30465346425497797,0.21559518344207285,1.0,2018,0.3202846975088968
Taiwo Awoniyi,2021,GER-Bundesliga,0.4578488372093023,0.4260919239848505,0.0830012709470899,-0.05124435772263808,1.0,2020,0.6942496493688639
Takehiro Tomiyasu,2021,ITA-Serie A,0.0661521499448732,0.07560152997896322,0.014232555558327932,-0.02368193559241795,0.9,2020,0.14240506329113925
Tanguy NDombele Alvaro,1819,FRA-Ligue 1,0.2674591381872214,0.06401750525144133,0.12447960532919392,0.07896202760658616,0.8,2018,0.3592814371257485
Thiago Alcántara,1920,GER-Bundesliga,0.15228426395939088,0.1311088757126162,0.05568271285386255,-0.034507324607087886,1.0,2019,0.0482573726541555
Thiago Silva,1920,FRA-Ligue 1,0.0,0.012642043404290532,0.0,-0.012642043404290532,0.8,2019,0.09287925696594426
Thilo Kehrer,2021,FRA-Ligue 1,0.0,0.0225423665221081,0.03238631633162053,-0.05492868285372863,0.8,2020,0.0807899461400359
Thomas Partey,1920,ESP-La Liga,0.10613207547169812,0.06940247762271749,0.03693991222084975,-0.00021031437186912194,1.0,2019,0.11665586519766688
Tiemoué Bakayoko,1617,FRA-Ligue 1,0.12162162162162161,0.07954895345343126,0.04206499480013106,7.673368059304964e-06,0.8,2016,0.16997167138810196
Timo Werner,1920,GER-Bundesliga,1.1469026548672567,0.6746094274046147,0.3082609669165274,0.16403226054611464,1.0,2019,0.48368522072936665
Timothy Castagne,1920,ITA-Serie A,0.1532349602724177,0.10092127228855542,0.1363041392283326,-0.08399045124447033,0.9,2019,0.19157088122605362
Trevoh Chalobah,2021,FRA-Ligue 1,0.16078606520768202,0.09448310138192652,0.02999762788601303,0.03630533593974247,0.8,2020,0.0
Tyler Adams,2021,GER-Bundesliga,0.09719222462203023,0.06735254976230616,0.04312093503427235,-0.013281260174548282,1.0,2020,0.0
Valon Behrami,1415,GER-Bundesliga,0.0,0.018423018476125777,0.011344848210405432,-0.02976786668653121,1.0,2014,0.07009345794392523
Vicente Guaita,1718,ESP-La Liga,0.0,0.0,0.004459151715943306,-0.004459151715943306,1.0,2017,0.0
Vinicius Souza,2223,ESP-La Liga,0.07404360345536816,0.03413064152091214,0.017942085330413228,0.02197087660404279,1.0,2022,0.033632286995515695
Víctor Camarasa,1718,ESP-La Liga,0.07182761372705507,0.10233163840307631,0.09166428992481633,-0.12216831460083757,1.0,2017,0.3108211818879509
Wahbi Khazri,1516,FRA-Ligue 1,0.6712243629583593,0.25543828598455737,0.2712565863527001,0.14452949062110176,0.8,2015,0.1092233009708738
Wataru Endo,2223,GER-Bundesliga,0.27654489586889724,0.15866291356301931,0.13636375276626844,-0.018481770460390512,1.0,2022,0.05238649592549476
Wesley Fofana,1920,FRA-Ligue 1,0.0741962077493817,0.06123671300481983,0.0026765093898365342,0.010282985354725327,0.8,2019,0.0
Wesley Hoedt,1617,ITA-Serie A,0.09574468085106383,0.061005068819058386,0.006984560017256026,0.027755052014749412,0.9,2016,0.03571428571428571
William Saliba,2021,FRA-Ligue 1,0.05,0.03870440078899264,0.00199285503476858,0.009302744176238782,0.8,2020,0.11166253101736973
Wilson Odobert,2223,FRA-Ligue 1,0.3078677309007982,0.15076316619119867,0.09198938869683236,0.06511517601276717,0.8,2022,0.20930232558139533
Wout Faes,2021,FRA-Ligue 1,0.031002411298656565,0.04795128944298799,0.0016187971038856123,-0.018567675248217036,0.8,2020,0.0967741935483871
Xherdan Shaqiri,1415,ITA-Serie A,0.36535859269282817,0.09677405271260762,0.26699176196800356,0.0015927780122169666,0.9,2014,0.3909266409266409
Yoane Wissa,2021,FRA-Ligue 1,0.46787968808020797,0.31993070162896364,0.11948795737736714,0.028461029073877153,0.8,2020,0.5685407454200885
Yohan Cabaye,1415,FRA-Ligue 1,0.18652849740932645,0.10024207677943102,0.10247850604355337,-0.016192085413657936,0.8,2014,0.19794721407624635
Youri Tielemans,1819,FRA-Ligue 1,0.32028469750889677,0.0979868373154162,0.10826177437693622,0.11403608581654434,0.8,2018,0.2843102843102843
Yves Bissouma,1718,FRA-Ligue 1,0.17352185089974295,0.11872481329696957,0.0437334416898633,0.01106359591291009,0.8,2017,0.0
Zlatan Ibrahimovic,1516,FRA-Ligue 1,1.7978848413631021,0.8392147064103923,0.32073730489044294,0.6379328300622669,0.8,2015,0.813141683778234
Álex Moreno,2223,ESP-La Liga,0.2,0.10262445223828157,0.11517178391416866,-0.017796236152450212,1.0,2022,0.17424975798644723
Álvaro Morata,1617,ESP-La Liga,1.2895927601809956,0.6460042246006329,0.2604252364638165,0.3831632991165461,1.0,2016,0.7394876752054133
Álvaro Negredo,1516,ESP-La Liga,0.5502183406113538,0.5308376723640156,0.24091401670176912,-0.22153334845443096,1.0,2015,0.40470425458318926
